Postcode,Index of Multiple Deprivation Decile,Income Decile
PL7 1UQ,10,10
PL6 6AU,10,9
PL6 6AY,10,9
PL6 6BR,10,9
PL6 6BS,10,9
PL6 6BT,10,9
PL6 6BU,10,9
PL6 6BX,10,9
PL6 6BY,10,9
PL6 6BZ,10,9
PL6 6DA,10,9
PL6 6DB,10,9
PL6 6DD,10,9
PL6 6DG,10,9
PL6 6DQ,10,9
PL6 6HH,10,9
PL6 6HL,10,9
PL6 6LH,10,9
PL6 6LQ,10,9
PL6 6PJ,10,9
PL6 6PL,10,9
PL6 6PN,10,9
PL6 7DH,10,9
PL6 7DJ,10,9
PL6 7DL,10,9
PL6 7DN,10,9
PL6 7DS,10,9
PL6 7DU,10,9
PL6 7DW,10,9
PL6 7DX,10,9
PL6 7DY,10,9
PL6 7EA,10,9
PL6 7ED,10,9
PL6 7EH,10,9
PL6 7HB,10,9
PL9 8AR,10,10
PL9 8AT,10,10
PL9 8BA,10,10
PL9 8BB,10,10
PL9 8BG,10,10
PL9 8BH,10,10
PL9 8BJ,10,10
PL9 8BL,10,10
PL9 8BN,10,10
PL9 8BP,10,10
PL9 8BS,10,10
PL9 8BT,10,10
PL9 8BW,10,10
PL9 8BY,10,10
PL9 8BZ,10,10
PL9 8DA,10,10
PL9 8DD,10,10
PL9 8DE,10,10
PL9 8DF,10,10
PL9 8DG,10,10
PL9 8DH,10,10
PL9 8DL,10,10
PL9 8DN,10,10
PL9 8DP,10,10
PL9 8DR,10,10
PL9 8DU,10,10
PL9 8DW,10,10
PL9 8DZ,10,10
PL9 8EA,10,10
PL9 8HR,10,10
PL9 8HS,10,10
PL9 8HT,10,10
PL9 8HY,10,10
PL9 8HZ,10,10
PL9 8NE,10,10
PL9 8NF,10,10
PL9 8NG,10,10
PL9 8NH,10,10
PL9 8NJ,10,10
PL9 8NP,10,10
PL9 8NQ,10,10
PL9 8NR,10,10
PL9 8NS,10,10
PL9 8NU,10,10
PL6 7DR,10,9
PL9 8BQ,10,10
PL9 8BU,10,10
PL9 8BX,10,10
PL9 8DJ,10,10
PL9 8EF,10,10
PL9 8PL,10,10
PL9 8PE,10,10
PL6 7UB,10,9
PL9 8JW,10,10
PL9 8PN,10,10
PL9 8PP,10,10
PL9 8AY,10,10
PL9 8DB,10,10
PL9 8LX,10,10
PL7 1AE,10,10
PL9 8BE,10,10
PL9 8FD,10,10
PL9 8FE,10,10
PL9 8FA,10,10
PL9 8FF,10,10
PL9 8FG,10,10
PL9 8FH,10,10
PL9 8FJ,10,10
PL9 8FB,10,10
PL9 8FQ,10,10
PL3 4PR,9,9
PL3 4PS,9,9
PL3 5LQ,9,9
PL3 5NY,9,9
PL3 5NZ,9,9
PL3 5PA,9,9
PL3 5PB,9,9
PL3 5PD,9,9
PL3 5PE,9,9
PL3 5PF,9,9
PL3 5PG,9,9
PL3 5PH,9,9
PL3 5PJ,9,9
PL3 5PL,9,9
PL3 5PN,9,9
PL3 5PQ,9,9
PL3 5PS,9,9
PL3 5PT,9,9
PL3 5PW,9,9
PL3 5QG,9,9
PL3 5QL,9,9
PL3 5QN,9,9
PL3 5QP,9,9
PL3 5QQ,9,9
PL3 5QR,9,9
PL3 5QS,9,9
PL3 5QT,9,9
PL3 5QW,9,9
PL3 5QY,9,9
PL3 5RA,9,9
PL3 5RB,9,9
PL3 5RE,9,9
PL3 5RF,9,9
PL3 5RL,9,9
PL3 5RN,9,9
PL3 5RP,9,9
PL3 5RR,9,9
PL3 5RS,9,9
PL3 5RT,9,9
PL3 5RU,9,9
PL3 5RW,9,9
PL3 5RZ,9,9
PL3 5SA,9,9
PL3 5SB,9,9
PL3 5SD,9,9
PL3 5SE,9,9
PL3 5SF,9,9
PL3 5SG,9,9
PL3 5SH,9,9
PL3 5SJ,9,9
PL3 5SL,9,9
PL3 5SN,9,9
PL3 5SQ,9,9
PL3 5ST,9,9
PL3 5TA,9,9
PL3 5TD,9,9
PL3 5TE,9,9
PL3 5TF,9,9
PL3 5TG,9,9
PL3 5TH,9,9
PL3 5TJ,9,9
PL3 5TL,9,9
PL3 5TN,9,9
PL3 5TP,9,9
PL3 5TQ,9,9
PL3 5TR,9,9
PL3 5TS,9,9
PL3 5TT,9,9
PL3 5TW,9,9
PL3 5UD,9,9
PL3 5UF,9,9
PL6 5HJ,9,9
PL6 5HW,9,9
PL6 5JD,9,9
PL6 5JE,9,9
PL6 5JF,9,9
PL6 5JQ,9,9
PL6 6AA,9,9
PL6 6AB,9,9
PL6 6AD,9,9
PL6 6AG,9,9
PL6 6AH,9,9
PL6 6AJ,9,9
PL6 6AL,9,9
PL6 6AN,9,9
PL6 6AP,9,9
PL6 6AQ,9,9
PL6 6AR,9,9
PL6 6AS,9,9
PL6 6AT,9,9
PL6 6AW,9,9
PL6 6AZ,9,9
PL6 6BA,9,9
PL6 6BB,9,9
PL6 6BD,9,9
PL6 6BE,9,9
PL6 6BG,9,9
PL6 6BQ,9,9
PL6 6BW,9,9
PL6 6LJ,9,9
PL6 6LL,9,9
PL6 8AA,9,9
PL6 8AB,9,9
PL6 8AE,9,9
PL6 8AG,9,9
PL6 8AL,9,9
PL6 8AN,9,9
PL6 8AQ,9,9
PL7 2DP,9,9
PL7 2DS,9,9
PL7 2DT,9,9
PL7 2DU,9,9
PL7 2DY,9,9
PL7 2DZ,9,9
PL7 2EA,9,9
PL7 2EB,9,9
PL7 2ED,9,9
PL7 2EE,9,9
PL7 2EF,9,9
PL7 2EG,9,9
PL7 2EH,9,9
PL7 2EJ,9,9
PL7 2EL,9,9
PL7 2EN,9,9
PL7 2EP,9,9
PL7 2EQ,9,9
PL7 2ER,9,9
PL7 2ES,9,9
PL7 2ET,9,9
PL7 2EW,9,9
PL7 2FB,9,10
PL7 2FD,9,10
PL7 2FF,9,10
PL7 2FU,9,9
PL7 2FX,9,9
PL7 2HR,9,9
PL7 2HU,9,9
PL7 2HX,9,9
PL7 2HY,9,9
PL7 1RD,9,10
PL7 1RX,9,10
PL7 1RY,9,10
PL7 1RZ,9,10
PL7 1SA,9,10
PL7 1SB,9,10
PL7 1SE,9,10
PL7 1SF,9,10
PL7 1SG,9,10
PL7 1SJ,9,10
PL7 1SL,9,10
PL7 1SN,9,10
PL7 1SP,9,10
PL7 1SQ,9,10
PL7 1SW,9,10
PL7 2UA,9,9
PL7 1UL,9,10
PL7 2UN,9,9
PL7 2UP,9,9
PL7 2UR,9,9
PL7 2UT,9,9
PL7 2UU,9,9
PL7 2UW,9,9
PL7 2UX,9,9
PL7 2UY,9,9
PL7 2UZ,9,9
PL7 2XA,9,9
PL7 2XB,9,9
PL7 2YE,9,9
PL7 2YF,9,9
PL7 2YG,9,9
PL7 2YJ,9,9
PL7 2YL,9,9
PL7 4DG,9,9
PL7 4ER,9,9
PL7 4EU,9,9
PL7 4EX,9,9
PL7 4HA,9,9
PL7 4HB,9,9
PL7 4HE,9,9
PL7 4HH,9,9
PL7 4HJ,9,9
PL7 4HL,9,9
PL7 4HN,9,9
PL7 4HP,9,9
PL7 4JB,9,9
PL7 4JD,9,9
PL7 4JQ,9,9
PL7 4LZ,9,9
PL9 8JB,9,9
PL9 8JD,9,9
PL9 8JJ,9,9
PL9 8JP,9,9
PL9 8JR,9,9
PL9 8JS,9,9
PL9 8JT,9,9
PL9 8JU,9,8
PL9 8JX,9,8
PL9 8LG,9,9
PL9 8LH,9,9
PL9 8LJ,9,8
PL9 8LL,9,8
PL9 8LN,9,8
PL9 8LP,9,8
PL9 8LQ,9,9
PL9 8LR,9,8
PL9 8LS,9,8
PL9 8LT,9,8
PL9 8LW,9,9
PL9 8NB,9,9
PL9 8ND,9,9
PL9 8NL,9,9
PL9 8NN,9,9
PL9 8NW,9,9
PL9 8NX,9,9
PL9 8NY,9,9
PL9 8NZ,9,9
PL9 8PA,9,9
PL9 8PB,9,9
PL9 8PD,9,9
PL9 8PF,9,9
PL9 8PG,9,9
PL9 8PH,9,9
PL9 8PJ,9,9
PL9 8PQ,9,9
PL9 8PZ,9,9
PL9 8QA,9,9
PL9 8QD,9,8
PL9 8QE,9,8
PL9 8QF,9,9
PL9 8QG,9,9
PL9 8QH,9,9
PL9 8QJ,9,9
PL9 8QL,9,9
PL9 8QN,9,9
PL9 8QQ,9,9
PL9 8QS,9,8
PL9 8QT,9,8
PL9 8QU,9,8
PL9 8QW,9,9
PL9 8QX,9,8
PL9 8QZ,9,8
PL9 8RG,9,8
PL9 8RH,9,8
PL9 8RJ,9,8
PL9 8RP,9,8
PL9 8RQ,9,8
PL9 8RT,9,8
PL9 8RU,9,8
PL9 8RW,9,8
PL9 8RZ,9,8
PL9 8SE,9,8
PL9 8SF,9,8
PL9 8SG,9,8
PL9 8SJ,9,8
PL9 8SP,9,8
PL9 8ST,9,8
PL9 8TP,9,8
PL9 8TW,9,9
PL9 9AB,9,9
PL9 9AD,9,9
PL9 9AE,9,9
PL9 9AR,9,8
PL9 9AT,9,8
PL9 9AU,9,8
PL9 9BG,9,9
PL9 9BJ,9,8
PL9 9BL,9,8
PL9 9BZ,9,8
PL9 9DE,9,9
PL9 9EN,9,9
PL9 9EP,9,9
PL9 9ER,9,9
PL9 9ES,9,9
PL9 9ET,9,9
PL9 9EU,9,9
PL9 9EW,9,9
PL9 9EX,9,9
PL9 9EY,9,9
PL9 9EZ,9,9
PL9 9HA,9,9
PL9 9HE,9,9
PL9 9HF,9,9
PL9 9HQ,9,9
PL9 9HX,9,9
PL9 9JD,9,9
PL9 9JE,9,9
PL9 9JF,9,9
PL9 9JH,9,9
PL9 9JJ,9,9
PL9 9JL,9,9
PL9 9JN,9,9
PL9 9JP,9,9
PL9 9JQ,9,9
PL9 9JR,9,9
PL9 9JS,9,9
PL9 9JT,9,9
PL9 9JU,9,9
PL9 9JY,9,9
PL9 9LE,9,9
PL9 9LN,9,9
PL9 9LP,9,9
PL9 9LR,9,9
PL9 9LU,9,9
PL9 9LW,9,9
PL9 9LX,9,9
PL9 9LZ,9,9
PL9 9NA,9,9
PL9 9NB,9,9
PL9 9QL,9,9
PL9 9QN,9,9
PL9 9RY,9,9
PL9 9RZ,9,9
PL9 9UL,9,9
PL3 4ND,9,9
PL3 4NE,9,9
PL3 4NF,9,9
PL3 4NG,9,9
PL3 4NH,9,9
PL3 4NJ,9,9
PL3 4NL,9,9
PL3 4NN,9,9
PL3 4NP,9,9
PL3 4NQ,9,9
PL3 4NR,9,9
PL3 4NW,9,9
PL3 4PX,9,9
PL3 5PU,9,9
PL3 5PX,9,9
PL3 5PY,9,9
PL3 5PZ,9,9
PL3 5QA,9,9
PL3 5QB,9,9
PL3 5QD,9,9
PL3 5QE,9,9
PL3 5RX,9,9
PL3 5RY,9,9
PL3 5SU,9,9
PL3 5SX,9,9
PL7 2FE,9,10
PL7 2HS,9,9
PL7 2HT,9,9
PL7 1QY,9,10
PL7 1QZ,9,10
PL7 1UJ,9,10
PL7 4DF,9,9
PL7 4DJ,9,9
PL7 4DQ,9,9
PL7 4EH,9,9
PL7 4HS,9,9
PL7 4HT,9,9
PL7 4HU,9,9
PL7 4HW,9,9
PL7 4HX,9,9
PL7 4HY,9,9
PL9 8JA,9,9
PL9 8LD,9,9
PL9 8LE,9,9
PL9 8LF,9,9
PL9 8PY,9,9
PL9 8QB,9,9
PL9 8RN,9,8
PL9 8RR,9,8
PL9 8RS,9,8
PL9 8RX,9,8
PL9 8RY,9,8
PL9 8SA,9,8
PL9 8SB,9,8
PL9 8SD,9,8
PL9 8TR,9,8
PL9 9AG,9,9
PL9 9AQ,9,9
PL9 9DZ,9,9
PL9 9EE,9,9
PL9 9EF,9,9
PL9 9EG,9,9
PL9 9EJ,9,9
PL9 9HG,9,9
PL9 9HL,9,9
PL9 9HT,9,9
PL9 9HU,9,9
PL9 9HY,9,9
PL9 9JX,9,9
PL9 9JZ,9,9
PL9 9LA,9,9
PL9 9LB,9,9
PL3 4PL,9,9
PL3 4PN,9,9
PL3 5PR,9,9
PL7 4JE,9,9
PL9 8JY,9,8
PL9 8LB,9,8
PL9 9NE,9,9
PL9 8FS,9,9
PL6 5JG,9,9
PL6 8AH,9,9
PL7 4AJ,9,9
PL9 8JZ,9,8
PL9 8LA,9,8
PL9 8QP,9,8
PL7 2WJ,9,9
PL7 2WN,9,9
PL9 8JN,9,9
PL7 2WE,9,9
PL7 2WW,9,9
PL7 2WP,9,9
PL7 2WY,9,9
PL7 2WZ,9,9
PL7 2ZA,9,9
PL7 1WT,9,10
PL7 2WX,9,9
PL7 2EU,9,9
PL9 9LY,9,9
PL3 5NT,9,9
PL9 9AY,9,9
PL9 9QW,9,9
PL3 5TX,9,9
PL7 1UN,9,10
PL9 9HS,9,9
PL6 5HU,9,9
PL9 8TX,9,9
PL9 8TY,9,9
PL3 5QF,9,9
PL7 4BD,9,9
PL3 5RH,9,9
PL6 5JB,9,9
PL7 4NW,9,10
PL3 5TB,9,9
PL7 2AX,9,9
PL3 5AL,9,9
PL7 1RF,9,10
PL7 1YB,9,10
PL9 8TZ,9,9
PL6 8DR,9,9
PL9 8AF,9,8
PL7 1AB,9,10
PL7 1SR,9,10
PL6 5FQ,9,9
PL2 3DH,8,8
PL2 3DW,8,8
PL2 3DZ,8,8
PL2 3EB,8,8
PL2 3ED,8,8
PL2 3EX,8,8
PL2 3HD,8,8
PL2 3HE,8,8
PL2 3JU,8,8
PL2 3JX,8,8
PL2 3JY,8,8
PL2 3JZ,8,8
PL2 3LA,8,8
PL2 3LB,8,8
PL2 3LD,8,8
PL2 3LE,8,8
PL2 3LF,8,8
PL2 3LG,8,8
PL3 4LA,8,8
PL3 4NY,8,8
PL3 4PA,8,8
PL3 4PB,8,8
PL3 4PD,8,8
PL3 4PE,8,8
PL3 4PH,8,8
PL3 4PJ,8,8
PL3 4PP,8,8
PL3 4PQ,8,8
PL3 4PT,8,8
PL3 4PU,8,8
PL3 4PW,8,8
PL3 4RA,8,8
PL3 4SX,8,7
PL3 4SY,8,7
PL3 4SZ,8,7
PL3 4TD,8,7
PL3 4TE,8,7
PL3 4TF,8,7
PL3 4TG,8,7
PL3 5AD,8,7
PL3 5AE,8,7
PL3 5AF,8,7
PL3 5AG,8,7
PL3 5AY,8,7
PL3 5AZ,8,7
PL3 5BA,8,7
PL3 5BG,8,7
PL3 5BH,8,7
PL3 5BJ,8,7
PL3 5BL,8,7
PL3 5BN,8,7
PL3 5BP,8,7
PL3 5BQ,8,7
PL3 5BR,8,7
PL3 5BW,8,7
PL3 5BX,8,7
PL3 5BY,8,7
PL3 5BZ,8,7
PL3 5DA,8,7
PL3 5DB,8,7
PL3 5DD,8,7
PL3 5DE,8,7
PL3 5DG,8,8
PL3 5DR,8,7
PL3 5DS,8,7
PL3 5DT,8,8
PL3 5DU,8,7
PL3 5DY,8,7
PL3 5ED,8,7
PL3 5EE,8,7
PL3 5EF,8,7
PL3 5EG,8,7
PL3 5EJ,8,7
PL3 5EN,8,7
PL3 5EP,8,7
PL3 5EQ,8,7
PL3 5ER,8,7
PL3 5ES,8,7
PL3 5EW,8,7
PL3 5EY,8,7
PL3 5EZ,8,7
PL3 5HF,8,7
PL3 5HG,8,7
PL3 5HJ,8,8
PL3 5HL,8,8
PL3 5HN,8,8
PL3 5HP,8,8
PL3 5HQ,8,7
PL3 5HT,8,8
PL3 5HW,8,8
PL3 5HX,8,8
PL3 5JF,8,8
PL3 5JG,8,8
PL3 5JH,8,8
PL3 5JJ,8,8
PL3 5JL,8,8
PL3 5JN,8,8
PL3 5JQ,8,8
PL3 5JR,8,8
PL3 5JS,8,8
PL3 5JX,8,8
PL3 5JY,8,8
PL3 5LB,8,8
PL3 5LE,8,8
PL3 5LH,8,8
PL3 5LJ,8,7
PL3 5LL,8,7
PL3 5LT,8,8
PL3 5LU,8,7
PL3 5LW,8,7
PL3 5LX,8,7
PL3 5LY,8,7
PL3 5NE,8,7
PL3 5NF,8,7
PL3 5NG,8,7
PL3 5NH,8,8
PL3 5NJ,8,7
PL3 5NL,8,7
PL3 5NN,8,7
PL3 5NP,8,7
PL3 5NQ,8,8
PL3 5NS,8,8
PL3 5NU,8,7
PL3 5NW,8,7
PL3 5QH,8,7
PL3 5QJ,8,7
PL3 5QU,8,8
PL3 5QX,8,8
PL3 5QZ,8,8
PL5 3DG,8,9
PL6 5AG,8,9
PL6 5AH,8,9
PL6 5AW,8,9
PL6 5BE,8,9
PL6 5BG,8,9
PL6 5BH,8,9
PL6 5BJ,8,9
PL6 5BQ,8,9
PL6 5JH,8,9
PL6 5JJ,8,9
PL6 5JP,8,9
PL6 5JR,8,9
PL6 5JS,8,9
PL6 5JU,8,9
PL6 5LA,8,9
PL6 5LB,8,9
PL6 5LD,8,9
PL6 5LE,8,9
PL6 5PE,8,10
PL6 5PH,8,10
PL6 5PQ,8,10
PL6 5PU,8,9
PL6 5RD,8,10
PL6 5RH,8,10
PL6 5RL,8,10
PL6 5RN,8,10
PL6 5RQ,8,10
PL6 5RS,8,10
PL6 5RW,8,10
PL6 5SJ,8,10
PL6 5SU,8,10
PL6 5SX,8,10
PL6 5TA,8,10
PL6 5TB,8,10
PL6 5TD,8,10
PL6 5TE,8,10
PL6 5TF,8,10
PL6 5TJ,8,10
PL6 5TL,8,10
PL6 5TN,8,10
PL6 5TP,8,10
PL6 5TR,8,10
PL6 5TS,8,10
PL6 5TT,8,10
PL6 5TU,8,10
PL6 5TW,8,10
PL6 5TX,8,10
PL6 7HF,8,8
PL6 7HQ,8,8
PL6 7HS,8,8
PL6 7HT,8,8
PL6 7HU,8,8
PL6 7HX,8,8
PL6 7HZ,8,8
PL6 7JA,8,8
PL6 7JB,8,8
PL6 7JD,8,8
PL6 7JL,8,8
PL6 7JN,8,8
PL6 7JU,8,8
PL6 7LB,8,8
PL6 7LD,8,8
PL6 7LL,8,8
PL6 7LN,8,8
PL6 7RE,8,8
PL6 8JP,8,7
PL6 8JW,8,7
PL6 8QD,8,7
PL6 8SX,8,7
PL6 8SY,8,7
PL6 8SZ,8,7
PL6 8TA,8,7
PL6 8TE,8,7
PL6 8TG,8,7
PL6 8TU,8,7
PL6 8TX,8,7
PL6 8TY,8,7
PL6 8TZ,8,7
PL6 8UA,8,7
PL6 8UB,8,7
PL6 8UH,8,7
PL6 8XD,8,7
PL7 2BL,8,8
PL7 2BN,8,8
PL7 2BQ,8,8
PL7 2BY,8,8
PL7 2BZ,8,8
PL7 2DA,8,8
PL7 2DB,8,8
PL7 2DD,8,8
PL7 2DF,8,8
PL7 2DG,8,8
PL7 2DH,8,8
PL7 2DJ,8,8
PL7 2DL,8,8
PL7 2DN,8,8
PL7 2DQ,8,9
PL7 2DW,8,8
PL7 2EX,8,9
PL7 2EY,8,9
PL7 2EZ,8,9
PL7 2FL,8,7
PL7 2FP,8,8
PL7 2GH,8,7
PL7 2GL,8,7
PL7 2GN,8,7
PL7 2GR,8,7
PL7 2GT,8,7
PL7 2GU,8,7
PL7 2GY,8,7
PL7 2HA,8,9
PL7 2HF,8,8
PL7 2HQ,8,8
PL7 2HZ,8,8
PL7 2LF,8,8
PL7 1NA,8,7
PL7 1NB,8,7
PL7 1ND,8,7
PL7 1NH,8,7
PL7 1PT,8,7
PL7 1PU,8,7
PL7 1PX,8,7
PL7 1PY,8,7
PL7 1PZ,8,7
PL7 1QA,8,7
PL7 1QB,8,7
PL7 1QD,8,7
PL7 1QF,8,7
PL7 1QG,8,7
PL7 1SX,8,7
PL7 1SY,8,7
PL7 1TA,8,7
PL7 1TB,8,7
PL7 1TD,8,7
PL7 1TE,8,7
PL7 2TJ,8,9
PL7 1TQ,8,7
PL7 2TY,8,9
PL7 4AT,8,8
PL7 4AX,8,8
PL7 4BH,8,8
PL7 4BJ,8,8
PL7 4BL,8,8
PL7 4BN,8,8
PL7 4BP,8,8
PL7 4BR,8,8
PL7 4BS,8,8
PL7 4BT,8,8
PL7 4BU,8,8
PL7 4BW,8,8
PL7 4BY,8,8
PL7 4DA,8,8
PL7 4DB,8,8
PL7 4DD,8,8
PL7 4DL,8,8
PL7 4DN,8,8
PL7 4DS,8,8
PL7 4DU,8,8
PL7 4ET,8,7
PL7 4HQ,8,7
PL7 4HR,8,8
PL7 4LE,8,7
PL7 4LF,8,7
PL7 4LH,8,7
PL7 4LJ,8,7
PL7 4LQ,8,7
PL7 4LX,8,7
PL7 4LY,8,7
PL7 4NB,8,8
PL7 4ND,8,8
PL7 4NR,8,9
PL7 4NT,8,8
PL7 4NU,8,8
PL7 4NX,8,8
PL7 4NY,8,8
PL7 4NZ,8,8
PL7 4PG,8,8
PL7 4PH,8,8
PL7 4PJ,8,8
PL7 4PL,8,8
PL7 4PN,8,7
PL7 4PP,8,7
PL7 4PQ,8,8
PL7 4PR,8,7
PL7 4PU,8,8
PL7 4PW,8,7
PL7 4PX,8,7
PL7 4PY,8,7
PL7 4PZ,8,7
PL7 4QA,8,8
PL7 4QB,8,8
PL7 4QE,8,7
PL7 4QF,8,7
PL7 4QG,8,7
PL7 4QH,8,7
PL7 4QN,8,9
PL7 4QP,8,9
PL7 4QQ,8,7
PL7 4QS,8,9
PL7 4QT,8,9
PL7 4QU,8,8
PL7 4QW,8,9
PL7 4QY,8,9
PL7 4RA,8,8
PL7 4RB,8,8
PL7 4RD,8,8
PL7 4RE,8,8
PL7 4RQ,8,8
PL7 4RR,8,9
PL7 4RS,8,9
PL7 4RT,8,9
PL7 4RU,8,8
PL7 4RX,8,9
PL7 4RY,8,8
PL7 4SE,8,9
PL7 4SF,8,9
PL7 4SG,8,9
PL7 4SQ,8,9
PL9 7BU,8,8
PL9 7BX,8,8
PL9 7DA,8,8
PL9 7DB,8,8
PL9 7DD,8,8
PL9 7DE,8,8
PL9 7DF,8,8
PL9 7DP,8,8
PL9 7DW,8,8
PL9 7EE,8,8
PL9 7EP,8,8
PL9 8DS,8,7
PL9 8ER,8,7
PL9 8ES,8,7
PL9 8ET,8,7
PL9 8EU,8,7
PL9 8EX,8,7
PL9 8EY,8,7
PL9 8EZ,8,7
PL9 8HA,8,7
PL9 8HB,8,7
PL9 8HD,8,7
PL9 8QY,8,7
PL9 8UH,8,7
PL9 8UJ,8,7
PL9 8UQ,8,7
PL9 9AF,8,8
PL9 9AH,8,8
PL9 9AJ,8,8
PL9 9AL,8,8
PL9 9AN,8,8
PL9 9AW,8,8
PL9 9AX,8,8
PL9 9BA,8,8
PL9 9BD,8,8
PL9 9BN,8,8
PL9 9BP,8,8
PL9 9BQ,8,8
PL9 9BW,8,8
PL9 9BY,8,8
PL9 9EA,8,9
PL9 9EL,8,9
PL9 9HB,8,7
PL9 9HH,8,9
PL9 9HN,8,7
PL9 9HP,8,7
PL9 9HR,8,7
PL9 9HW,8,7
PL9 9JB,8,7
PL9 9JW,8,7
PL9 9LF,8,9
PL9 9LG,8,9
PL9 9LH,8,9
PL9 9NF,8,9
PL9 9NL,8,9
PL9 9NN,8,9
PL9 9NQ,8,9
PL9 9PB,8,9
PL9 9PD,8,9
PL9 9QH,8,9
PL9 9QJ,8,9
PL9 9QQ,8,9
PL9 9TH,8,9
PL9 9TR,8,7
PL9 9TS,8,7
PL9 9TT,8,7
PL9 9TY,8,7
PL9 9UF,8,7
PL9 9UQ,8,7
PL2 2QT,8,8
PL2 3HH,8,8
PL2 3HJ,8,8
PL2 3HL,8,8
PL2 3HP,8,8
PL2 3HW,8,8
PL2 3JT,8,8
PL3 4LR,8,8
PL3 4NA,8,8
PL3 4NB,8,8
PL3 4NS,8,8
PL3 4NT,8,8
PL3 4NU,8,8
PL3 4PG,8,8
PL3 4PY,8,8
PL3 4PZ,8,8
PL3 4RD,8,8
PL3 4RE,8,8
PL3 4RQ,8,8
PL3 4SG,8,8
PL3 5BU,8,7
PL3 5DH,8,7
PL3 5DJ,8,8
PL3 5DL,8,8
PL3 5DN,8,8
PL3 5DP,8,7
PL3 5DW,8,7
PL3 5EA,8,7
PL3 5HR,8,8
PL3 5HS,8,7
PL3 5HU,8,8
PL3 5HY,8,8
PL3 5HZ,8,8
PL3 5JA,8,8
PL3 5JD,8,8
PL3 5JE,8,8
PL3 5LN,8,7
PL3 5NA,8,7
PL3 5NR,8,7
PL6 5AN,8,9
PL6 5AP,8,9
PL6 5AX,8,9
PL6 5AY,8,9
PL6 5JN,8,9
PL6 5JW,8,9
PL6 5JX,8,9
PL6 5NF,8,9
PL6 5NG,8,9
PL6 5NP,8,9
PL6 5NR,8,9
PL6 5RJ,8,10
PL6 5SR,8,10
PL6 5SS,8,10
PL6 5TG,8,10
PL6 5TQ,8,10
PL6 7JE,8,8
PL6 7JF,8,8
PL6 7JG,8,8
PL6 7JH,8,8
PL6 7JQ,8,8
PL6 7JZ,8,8
PL6 7LF,8,7
PL6 7LW,8,8
PL6 8SB,8,7
PL7 2BG,8,8
PL7 2BU,8,8
PL7 2BX,8,8
PL7 1FR,8,7
PL7 2GJ,8,7
PL7 2GP,8,7
PL7 2GS,8,7
PL7 2GW,8,7
PL7 2GZ,8,7
PL7 2HP,8,8
PL7 1NF,8,7
PL7 1PN,8,7
PL7 1PW,8,7
PL7 1QE,8,7
PL7 1TF,8,7
PL7 1TG,8,7
PL7 4DH,8,8
PL7 4DP,8,8
PL7 4DW,8,8
PL7 4HZ,8,8
PL7 4JA,8,8
PL7 4JG,8,8
PL7 4LL,8,7
PL7 4LN,8,7
PL7 4LP,8,7
PL7 4LR,8,7
PL7 4LS,8,7
PL7 4LW,8,7
PL7 4PD,8,7
PL7 4PF,8,7
PL7 4PS,8,8
PL7 4PT,8,8
PL7 4QX,8,9
PL7 4QZ,8,7
PL7 4RF,8,8
PL7 4RG,8,8
PL7 4RZ,8,9
PL7 4SA,8,9
PL7 4SB,8,9
PL7 4SD,8,9
PL7 4SH,8,9
PL7 4SJ,8,9
PL9 7BY,8,8
PL9 7BZ,8,8
PL9 7EW,8,8
PL9 8RA,8,7
PL9 8RB,8,7
PL9 8RD,8,7
PL9 8RE,8,7
PL9 8RF,8,7
PL9 9BR,8,8
PL9 9DR,8,9
PL9 9DS,8,9
PL9 9DT,8,9
PL9 9DU,8,9
PL9 9DX,8,9
PL9 9EB,8,9
PL9 9ED,8,9
PL9 9HJ,8,9
PL9 9HZ,8,9
PL9 9JA,8,9
PL9 9LD,8,9
PL9 9LJ,8,9
PL9 9LL,8,9
PL9 9LQ,8,9
PL9 9TX,8,7
PL3 5BE,8,7
PL3 5JW,8,8
PL6 5RE,8,10
PL6 5RP,8,10
PL7 1NQ,8,7
PL7 4JF,8,8
PL9 7AY,8,8
PL7 1PP,8,7
PL7 1PR,8,7
PL7 5DX,8,9
PL7 5DY,8,9
PL7 5DZ,8,9
PL3 5EB,8,7
PL3 5BB,8,7
PL6 7LJ,8,8
PL7 1TH,8,7
PL6 5BA,8,9
PL6 5BB,8,9
PL6 5BD,8,9
PL6 5PB,8,10
PL6 5PD,8,10
PL6 5PF,8,10
PL6 7HG,8,8
PL9 9BS,8,8
PL3 4TA,8,7
PL7 4RP,8,8
PL7 5EA,8,9
PL7 2WF,8,7
PL7 2WQ,8,7
PL7 4QL,8,8
PL7 2WL,8,7
PL6 7JY,8,8
PL7 2WA,8,7
PL7 2WB,8,7
PL7 2WD,8,7
PL7 2WG,8,7
PL6 7HR,8,8
PL7 1WS,8,7
PL6 7JR,8,8
PL7 1WR,8,7
PL6 8BR,8,7
PL7 2WU,8,7
PL6 5UA,8,9
PL6 5UB,8,9
PL6 5UD,8,9
PL6 5TY,8,9
PL7 2ZD,8,7
PL7 2ZE,8,7
PL7 2ZF,8,7
PL6 7JP,8,8
PL3 4RB,8,8
PL7 2AY,8,8
PL9 9BH,8,8
PL3 5HD,8,8
PL7 2ZH,8,7
PL7 2ZJ,8,7
PL6 5QA,8,10
PL6 7NA,8,8
PL7 1ZL,8,7
PL6 5AQ,8,9
PL9 9BU,8,8
PL7 1HL,8,7
PL9 7BJ,8,8
PL9 7BQ,8,8
PL7 4SY,8,8
PL6 7LU,8,8
PL6 7LZ,8,8
PL6 7NZ,8,8
PL6 7NN,8,8
PL6 7NR,8,8
PL6 7ND,8,8
PL6 7NJ,8,8
PL6 7NL,8,8
PL6 7NH,8,8
PL6 7NF,8,8
PL6 7NT,8,8
PL6 7NY,8,8
PL6 7LS,8,8
PL6 7NB,8,8
PL6 7LY,8,8
PL6 7NE,8,8
PL6 7NG,8,8
PL6 7NQ,8,8
PL6 7NS,8,8
PL6 7LE,8,8
PL7 2YP,8,8
PL9 7DZ,8,8
PL7 4DT,8,8
PL7 5LA,8,9
PL7 5LB,8,9
PL7 5LD,8,9
PL7 5LE,8,9
PL7 5LF,8,9
PL3 5BS,8,7
PL7 1TY,8,7
PL7 2WS,8,7
PL7 2WT,8,7
PL7 4RL,8,9
PL3 4QB,8,8
PL6 7LR,8,8
PL3 5HA,8,8
PL7 4TA,8,8
PL7 1HU,8,7
PL3 5JP,8,8
PL7 1HS,8,7
PL7 4RH,8,8
PL6 7LP,8,8
PL7 4BX,8,8
PL7 4QD,8,8
PL9 9UD,8,8
PL7 5LJ,8,9
PL9 9WH,8,8
PL9 9GA,8,9
PL9 9GB,8,9
PL9 9GD,8,9
PL9 9GE,8,9
PL9 9GF,8,9
PL3 5NB,8,7
PL7 4RN,8,7
PL7 1SU,8,7
PL3 4QD,8,8
PL7 4RW,8,9
PL3 4QA,8,8
PL7 4BA,8,8
PL3 5AJ,8,7
PL7 2FR,8,8
PL6 8BY,8,7
PL7 4AY,8,8
PL6 8BZ,8,7
PL6 7FE,8,8
PL7 2AD,8,8
PL6 7PL,8,8
PL6 7NP,8,8
PL6 7HA,8,8
PL6 7FH,8,8
PL6 7PY,8,8
PL3 4FG,8,8
PL9 7ES,8,8
PL7 4TB,8,9
PL7 2XS,8,7
PL6 7FA,8,8
PL6 7FB,8,7
PL7 4FD,8,8
PL7 2HG,8,7
PL7 2JF,8,7
PL6 7FN,8,8
PL7 4LU,8,8
PL6 7AE,8,8
PL9 9BE,8,8
PL7 4JH,8,8
PL7 1UP,8,7
PL7 4FE,8,8
PL2 3NJ,7,6
PL2 3NT,7,6
PL2 3NU,7,6
PL2 3NZ,7,6
PL2 3PE,7,6
PL2 3PF,7,6
PL2 3PH,7,6
PL2 3PN,7,6
PL2 3PY,7,6
PL2 3QA,7,6
PL2 3QD,7,6
PL2 3QF,7,6
PL3 4JD,7,7
PL3 4JH,7,7
PL3 4JJ,7,7
PL3 4JL,7,7
PL3 4RF,7,7
PL3 4RL,7,7
PL3 4RN,7,7
PL3 4RU,7,7
PL3 4RW,7,7
PL3 4RX,7,7
PL3 4RY,7,7
PL3 4SA,7,7
PL3 4SB,7,7
PL3 4SD,7,7
PL3 4SF,7,7
PL3 4SQ,7,7
PL3 5EH,7,8
PL3 5JT,7,8
PL3 5JU,7,8
PL3 5JZ,7,8
PL3 5LA,7,8
PL3 5LD,7,8
PL3 5LF,7,8
PL3 5LG,7,8
PL3 5UB,7,6
PL3 5UE,7,6
PL3 6PP,7,8
PL3 6PR,7,8
PL3 6PS,7,8
PL3 6PT,7,8
PL3 6QA,7,8
PL3 6QB,7,8
PL3 6QD,7,8
PL3 6QE,7,8
PL3 6QF,7,8
PL3 6QG,7,8
PL3 6QL,7,8
PL3 6QP,7,8
PL3 6QQ,7,8
PL3 6QR,7,8
PL3 6QS,7,8
PL3 6QT,7,8
PL3 6QU,7,8
PL3 6QX,7,8
PL3 6QY,7,8
PL3 6QZ,7,8
PL5 4LD,7,6
PL5 4LR,7,6
PL5 4NP,7,6
PL5 4PG,7,6
PL5 4PH,7,6
PL5 4PJ,7,6
PL5 4PL,7,6
PL5 4PN,7,6
PL5 4PP,7,6
PL5 4PQ,7,6
PL5 4PR,7,6
PL5 4PS,7,6
PL5 4PT,7,6
PL5 4PU,7,6
PL5 4PW,7,6
PL5 4PX,7,6
PL5 4PY,7,6
PL5 4PZ,7,6
PL5 4QA,7,6
PL5 4QD,7,6
PL5 4QE,7,6
PL6 5PG,7,8
PL6 5PJ,7,8
PL6 5PL,7,8
PL6 5PN,7,8
PL6 5PW,7,8
PL6 5PY,7,8
PL6 5PZ,7,8
PL6 5QB,7,8
PL6 5QD,7,8
PL6 5QE,7,8
PL6 5QF,7,8
PL6 5QG,7,8
PL6 5QH,7,8
PL6 5QJ,7,8
PL6 5QL,7,8
PL6 5QN,7,8
PL6 5QP,7,8
PL6 5QQ,7,8
PL6 5QS,7,8
PL6 5QT,7,8
PL6 5QU,7,8
PL6 5QW,7,8
PL7 2AN,7,7
PL7 2FA,7,7
PL7 2FJ,7,7
PL7 2FN,7,7
PL7 2FS,7,6
PL7 2FT,7,6
PL7 2FW,7,7
PL7 2GD,7,6
PL7 2GE,7,6
PL7 2GF,7,6
PL7 2GG,7,6
PL7 2GQ,7,6
PL7 2HB,7,6
PL7 2HD,7,6
PL7 1HE,7,8
PL7 1HG,7,7
PL7 1JE,7,7
PL7 1JH,7,7
PL7 1JL,7,7
PL7 1JN,7,7
PL7 1JP,7,7
PL7 1JQ,7,7
PL7 1JR,7,7
PL7 1JW,7,7
PL7 2NG,7,7
PL7 1NZ,7,7
PL7 1PD,7,7
PL7 1PE,7,8
PL7 1PF,7,7
PL7 1PG,7,8
PL7 1PJ,7,7
PL7 1PL,7,7
PL7 1PQ,7,8
PL7 1QH,7,8
PL7 1QJ,7,8
PL7 1QL,7,8
PL7 2QP,7,7
PL7 1QQ,7,8
PL7 1QW,7,7
PL7 1RA,7,7
PL7 1RB,7,7
PL7 1RE,7,7
PL7 2RH,7,7
PL7 2RN,7,7
PL7 2RP,7,7
PL7 2RT,7,6
PL7 2RU,7,6
PL7 1SH,7,7
PL7 2ST,7,7
PL7 2SU,7,6
PL7 1SZ,7,7
PL7 1TL,7,7
PL7 1TN,7,7
PL7 1TP,7,7
PL7 1TR,7,7
PL7 1TS,7,7
PL7 1TT,7,7
PL7 1TU,7,7
PL7 1TW,7,7
PL7 1TX,7,7
PL7 2TZ,7,6
PL7 2XD,7,6
PL7 2XE,7,6
PL7 2XF,7,6
PL7 1XH,7,8
PL7 1XJ,7,8
PL7 1XL,7,7
PL7 1XN,7,7
PL7 1XP,7,7
PL7 1XQ,7,8
PL7 1XR,7,7
PL7 1XS,7,7
PL7 1XU,7,8
PL7 1XW,7,7
PL7 2XY,7,7
PL7 2XZ,7,7
PL7 2YA,7,7
PL7 2YH,7,6
PL7 1YN,7,7
PL7 2YQ,7,6
PL7 1YS,7,7
PL7 1YW,7,8
PL7 1YY,7,7
PL7 1AL,7,7
PL9 7BD,7,8
PL9 7BS,7,8
PL9 7DG,7,8
PL9 7JU,7,8
PL9 7JX,7,7
PL9 7JY,7,7
PL9 7JZ,7,7
PL9 7LA,7,7
PL9 7LB,7,7
PL9 7LD,7,8
PL9 7LE,7,7
PL9 7LF,7,7
PL9 7LG,7,7
PL9 7LH,7,7
PL9 7LJ,7,7
PL9 7LL,7,7
PL9 7LN,7,7
PL9 7LP,7,7
PL9 7LQ,7,7
PL9 7LR,7,7
PL9 7LT,7,7
PL9 7LW,7,7
PL9 7ND,7,7
PL9 7NF,7,7
PL9 7NG,7,7
PL9 7NJ,7,7
PL9 7NL,7,7
PL9 7NQ,7,7
PL9 7NT,7,8
PL9 7NU,7,8
PL9 7NX,7,8
PL9 7PB,7,8
PL9 7PD,7,8
PL9 7PE,7,8
PL9 7PF,7,8
PL9 7PH,7,7
PL9 7PJ,7,7
PL9 7PL,7,7
PL9 7PQ,7,7
PL9 7PS,7,7
PL9 7PU,7,7
PL9 7PX,7,7
PL9 7PY,7,7
PL9 7PZ,7,7
PL9 7QA,7,7
PL9 7QB,7,7
PL9 7QD,7,7
PL9 7QF,7,7
PL9 7RR,7,8
PL9 9AA,7,8
PL9 9RN,7,7
PL9 9RP,7,7
PL9 9RQ,7,7
PL9 9RR,7,7
PL9 9RS,7,7
PL9 9RT,7,7
PL9 9RU,7,7
PL9 9RW,7,7
PL9 9SF,7,7
PL9 9SG,7,7
PL9 9SY,7,7
PL9 9TA,7,7
PL9 9TB,7,7
PL9 9TN,7,7
PL9 9TQ,7,7
PL9 9TW,7,7
PL9 9TZ,7,7
PL9 9UA,7,7
PL9 9UB,7,7
PL2 3PJ,7,6
PL2 3PL,7,6
PL2 3PW,7,6
PL3 4JE,7,7
PL3 4JG,7,7
PL3 4JQ,7,7
PL3 4QE,7,6
PL3 4QF,7,6
PL3 4QH,7,6
PL3 4QJ,7,6
PL3 4QL,7,6
PL3 4QP,7,6
PL3 4QQ,7,6
PL3 4QR,7,6
PL3 4QS,7,6
PL3 4RG,7,7
PL3 4RJ,7,7
PL3 6QH,7,8
PL5 4LP,7,6
PL5 4LS,7,6
PL5 4NB,7,6
PL5 4ND,7,6
PL5 4NG,7,6
PL6 5NX,7,8
PL6 5NY,7,8
PL6 5NZ,7,8
PL6 5ST,7,8
PL7 1FQ,7,7
PL7 1JF,7,7
PL7 1JG,7,7
PL7 1JJ,7,7
PL7 1QT,7,7
PL7 1QU,7,7
PL7 1QX,7,7
PL7 1UG,7,7
PL7 1XG,7,8
PL7 1AG,7,6
PL9 7BB,7,8
PL9 7BE,7,8
PL9 7NA,7,7
PL9 7NE,7,7
PL9 7NW,7,7
PL9 7NY,7,8
PL9 7NZ,7,8
PL9 7PA,7,8
PL9 7PG,7,8
PL9 7PT,7,7
PL9 7QE,7,7
PL9 7QL,7,8
PL9 7QN,7,8
PL9 7QW,7,8
PL9 7RW,7,8
PL9 9DH,7,8
PL9 9DJ,7,8
PL9 9DN,7,8
PL9 9DP,7,8
PL9 9DW,7,8
PL9 9EH,7,8
PL9 9EQ,7,8
PL9 9QD,7,7
PL9 9SB,7,7
PL9 9SD,7,7
PL9 9SE,7,7
PL9 9SN,7,7
PL9 9SQ,7,7
PL9 9TD,7,7
PL9 9TF,7,7
PL3 4QN,7,6
PL3 4QW,7,6
PL3 4RT,7,7
PL3 6QJ,7,8
PL7 1UE,7,7
PL7 1UF,7,7
PL9 7AZ,7,8
PL9 7LU,7,7
PL9 7LX,7,7
PL9 7LY,7,7
PL9 7LZ,7,7
PL9 7PW,7,7
PL9 9SR,7,7
PL9 9SS,7,7
PL9 9ST,7,7
PL9 9SU,7,7
PL9 9SX,7,7
PL6 5QR,7,8
PL9 7RL,7,8
PL9 7AU,7,8
PL9 7AX,7,8
PL9 9SZ,7,7
PL9 7AL,7,8
PL9 7AN,7,8
PL9 9TG,7,7
PL7 2HH,7,7
PL9 7NB,7,7
PL9 9TE,7,7
PL5 4AQ,7,6
PL3 6PJ,7,8
PL5 4QG,7,6
PL7 1QS,7,7
PL5 4NE,7,6
PL7 1ZG,7,7
PL2 3PP,7,6
PL9 9XB,7,7
PL7 2XX,7,7
PL9 9UZ,7,8
PL9 9DG,7,8
PL3 6TP,7,8
PL3 6TR,7,8
PL9 9TU,7,7
PL9 9RH,7,7
PL7 2YT,7,7
PL9 9TL,7,7
PL9 9TP,7,7
PL7 2JB,7,6
PL7 2JD,7,6
PL7 2JE,7,6
PL7 2GX,7,6
PL7 2JA,7,6
PL9 7PN,7,7
PL9 7NP,7,7
PL7 1QP,7,7
PL9 7NN,7,7
PL3 4JF,7,7
PL9 7QJ,7,7
PL7 2WR,7,7
PL3 4JN,7,7
PL9 9XH,7,7
PL9 9SH,7,7
PL9 7LS,7,7
PL9 9XQ,7,7
PL3 4SE,7,7
PL3 4QG,7,6
PL9 9SA,7,7
PL6 5WP,7,8
PL9 9WJ,7,7
PL9 7RU,7,7
PL6 5RR,7,8
PL9 7AF,7,8
PL3 6QN,7,8
PL6 5FD,7,8
PL7 1UD,7,8
PL7 1AH,7,7
PL2 3PQ,7,6
PL3 4FA,7,7
PL7 1AA,7,7
PL9 7FE,7,7
PL9 9FP,7,7
PL9 9FN,7,7
PL9 9FL,7,7
PL9 9FQ,7,7
PL9 9FR,7,7
PL9 9FS,7,7
PL9 9FT,7,7
PL9 9FU,7,7
PL9 7NR,7,7
PL3 4BT,7,7
PL9 7AA,7,8
PL7 2GB,7,6
PL7 2JG,7,6
PL7 2JH,7,6
PL9 7AS,7,8
PL7 1AF,7,7
PL2 3AG,6,6
PL2 3AH,6,6
PL2 3AJ,6,6
PL2 3AL,6,6
PL2 3AN,6,6
PL2 3AP,6,6
PL2 3AQ,6,6
PL2 3AR,6,6
PL2 3AS,6,6
PL2 3AT,6,6
PL2 3AU,6,6
PL2 3AW,6,6
PL2 3AX,6,6
PL2 3AY,6,6
PL2 3AZ,6,6
PL2 3BA,6,6
PL2 3BB,6,6
PL2 3BZ,6,7
PL2 3DA,6,7
PL2 3DJ,6,7
PL2 3DN,6,7
PL2 3DP,6,7
PL2 3DR,6,7
PL2 3DS,6,7
PL2 3DT,6,7
PL2 3DU,6,7
PL2 3DX,6,7
PL2 3DY,6,7
PL2 3EA,6,7
PL2 3EH,6,7
PL2 3EJ,6,7
PL2 3EL,6,7
PL2 3EN,6,7
PL2 3EP,6,7
PL2 3ER,6,7
PL2 3ES,6,7
PL2 3ET,6,7
PL2 3EU,6,7
PL2 3EY,6,7
PL2 3HA,6,7
PL2 3HR,6,7
PL2 3LQ,6,7
PL2 3LR,6,7
PL2 3LS,6,7
PL2 3LT,6,7
PL2 3LY,6,7
PL2 3LZ,6,7
PL2 3NA,6,7
PL2 3NH,6,7
PL2 3NQ,6,7
PL2 3NR,6,7
PL2 3NS,6,7
PL2 3PR,6,7
PL2 3PS,6,7
PL2 3PT,6,7
PL2 3PZ,6,7
PL2 3QE,6,7
PL2 3QG,6,7
PL2 3QH,6,7
PL2 3QJ,6,7
PL2 3QP,6,7
PL2 3QQ,6,7
PL3 4AD,6,6
PL3 4AF,6,6
PL3 4DA,6,6
PL3 4DB,6,6
PL3 4JA,6,7
PL3 4JB,6,7
PL3 4JS,6,7
PL3 4JT,6,7
PL3 4JX,6,7
PL3 4JY,6,7
PL3 4JZ,6,7
PL3 4LB,6,7
PL3 4LD,6,7
PL3 4LF,6,7
PL3 4LG,6,7
PL3 4LH,6,7
PL3 4LJ,6,7
PL4 6NY,6,7
PL5 4AG,6,7
PL6 5BP,6,7
PL6 5BR,6,7
PL6 5BS,6,7
PL6 5FX,6,7
PL6 5EY,6,7
PL6 5EZ,6,7
PL6 5HA,6,7
PL6 5HB,6,7
PL6 5HD,6,7
PL6 5HE,6,7
PL6 5HF,6,7
PL6 5HG,6,7
PL6 5HH,6,7
PL6 5HL,6,7
PL6 5HP,6,7
PL6 5HQ,6,7
PL6 5HS,6,7
PL6 5HX,6,7
PL6 5JL,6,7
PL6 5LF,6,5
PL6 5LG,6,5
PL6 5LH,6,5
PL6 5LJ,6,5
PL6 5LL,6,5
PL6 5LN,6,5
PL6 5LP,6,5
PL6 5LQ,6,5
PL6 5LR,6,5
PL6 5LS,6,5
PL6 5LT,6,5
PL6 5LU,6,5
PL6 5LW,6,5
PL6 5ND,6,5
PL6 5NE,6,5
PL6 5NH,6,8
PL6 5NJ,6,8
PL6 5NL,6,8
PL6 5NN,6,5
PL6 5NW,6,8
PL6 5PA,6,5
PL6 5PP,6,8
PL6 5PR,6,8
PL6 5PS,6,5
PL6 5PT,6,8
PL6 5PX,6,8
PL6 5RA,6,5
PL6 5RB,6,5
PL6 5RF,6,5
PL6 5RU,6,8
PL6 5RX,6,8
PL6 5RY,6,8
PL6 5RZ,6,8
PL6 5SL,6,8
PL6 5SN,6,8
PL6 5SP,6,8
PL6 5SW,6,8
PL6 5SY,6,8
PL6 5SZ,6,8
PL6 5TH,6,8
PL6 5XL,6,7
PL6 5YA,6,8
PL6 5YB,6,8
PL6 6AE,6,7
PL6 6AF,6,7
PL6 6BH,6,7
PL7 2BH,6,5
PL7 2BJ,6,5
PL7 2BP,6,5
PL7 2BW,6,5
PL7 2FZ,6,5
PL7 4AN,6,5
PL7 4AW,6,5
PL7 4EB,6,5
PL7 4ED,6,5
PL7 4EE,6,5
PL7 4EG,6,5
PL7 4EN,6,5
PL7 4EP,6,5
PL7 4EQ,6,5
PL7 4ES,6,5
PL7 4EY,6,5
PL7 4JU,6,5
PL7 4JX,6,5
PL7 4JZ,6,5
PL7 4LA,6,5
PL7 4LD,6,5
PL7 4NA,6,5
PL7 4PA,6,5
PL9 7ED,6,5
PL9 7EF,6,5
PL9 7EG,6,5
PL9 7EJ,6,5
PL9 8AB,6,5
PL9 8AE,6,5
PL9 8AG,6,5
PL9 8AH,6,5
PL9 8AN,6,5
PL9 8AP,6,5
PL9 8AQ,6,5
PL9 8AW,6,5
PL9 8DQ,6,5
PL9 8DY,6,5
PL9 8EB,6,5
PL9 8ED,6,5
PL9 8EE,6,5
PL9 8EN,6,5
PL9 8HE,6,5
PL9 8HF,6,5
PL9 8HG,6,5
PL9 8HP,6,5
PL9 8HQ,6,5
PL9 8HU,6,5
PL9 8HX,6,5
PL9 8JE,6,5
PL9 8JF,6,5
PL9 8JG,6,5
PL9 8JH,6,5
PL9 8JQ,6,5
PL9 8NA,6,5
PL9 8NT,6,5
PL9 8PR,6,5
PL9 8PS,6,5
PL9 8PT,6,5
PL9 8PU,6,5
PL9 8PX,6,5
PL9 8RL,6,5
PL9 8SH,6,5
PL9 8SQ,6,5
PL9 8SR,6,5
PL9 8SS,6,5
PL9 8SU,6,5
PL9 8SX,6,5
PL9 8SY,6,5
PL9 8SZ,6,5
PL9 8TA,6,5
PL9 8TB,6,5
PL9 8TD,6,5
PL9 8TE,6,5
PL9 8TF,6,5
PL9 8TG,6,5
PL9 8TH,6,5
PL9 8TJ,6,5
PL9 8TL,6,5
PL9 8TN,6,5
PL9 8TQ,6,5
PL9 8TU,6,5
PL9 8UA,6,5
PL9 8UB,6,5
PL9 8UD,6,5
PL9 8UE,6,5
PL9 8UF,6,5
PL9 8UG,6,5
PL9 8UL,6,5
PL9 8UN,6,5
PL9 8UP,6,5
PL9 8UR,6,5
PL9 8UT,6,5
PL9 8UU,6,5
PL9 8UW,6,5
PL9 8UX,6,5
PL9 8UY,6,5
PL9 9AP,6,5
PL9 9NG,6,5
PL9 9NJ,6,5
PL9 9NS,6,5
PL9 9NT,6,5
PL9 9NU,6,5
PL9 9NX,6,5
PL9 9NY,6,5
PL9 9NZ,6,5
PL9 9PA,6,5
PL9 9PE,6,5
PL9 9PF,6,5
PL9 9PG,6,5
PL9 9PH,6,5
PL9 9PL,6,5
PL9 9PN,6,5
PL9 9PP,6,5
PL9 9PQ,6,5
PL9 9PR,6,5
PL9 9PS,6,5
PL9 9PT,6,5
PL9 9PU,6,5
PL9 9PW,6,5
PL9 9PX,6,5
PL9 9PY,6,5
PL9 9PZ,6,5
PL9 9QA,6,5
PL9 9QF,6,5
PL9 9QG,6,5
PL9 9QP,6,5
PL9 9QR,6,5
PL9 9QS,6,5
PL9 9QT,6,5
PL9 9QU,6,5
PL9 9RD,6,5
PL9 9RG,6,5
PL9 9UE,6,5
PL2 3AE,6,6
PL2 3EW,6,7
PL2 3HB,6,7
PL2 3HX,6,7
PL2 3JR,6,7
PL2 3LP,6,7
PL2 3LU,6,7
PL2 3NL,6,7
PL2 3NN,6,7
PL2 3NP,6,7
PL2 3NW,6,7
PL2 3QN,6,7
PL2 3QW,6,7
PL3 4LE,6,7
PL3 4LL,6,7
PL3 4LN,6,7
PL3 4LP,6,7
PL3 4LQ,6,7
PL3 4LS,6,7
PL3 4LT,6,7
PL3 4LW,6,7
PL6 5DR,6,7
PL6 5JY,6,5
PL6 5JZ,6,5
PL6 5LX,6,5
PL6 5LY,6,5
PL6 5LZ,6,5
PL6 5NA,6,5
PL6 5NB,6,5
PL6 5NQ,6,5
PL6 5NS,6,5
PL6 5NT,6,5
PL6 5NU,6,5
PL7 2AW,6,5
PL7 2BS,6,5
PL7 2FY,6,5
PL7 2HJ,6,5
PL7 4AA,6,5
PL7 4AG,6,5
PL7 4DE,6,5
PL7 4DZ,6,5
PL7 4EA,6,5
PL7 4EJ,6,5
PL7 4EL,6,5
PL7 4QJ,6,5
PL9 8AD,6,5
PL9 8DT,6,5
PL9 8EG,6,5
PL9 8EH,6,5
PL9 8EQ,6,5
PL9 8HJ,6,5
PL9 8HN,6,5
PL9 8HW,6,5
PL9 8JL,6,5
PL9 8TS,6,5
PL9 8TT,6,5
PL9 9NH,6,5
PL9 9NR,6,5
PL9 9NW,6,5
PL9 9PJ,6,5
PL9 9QB,6,5
PL9 9QE,6,5
PL9 9QZ,6,5
PL9 9RA,6,5
PL9 9RJ,6,5
PL9 9RL,6,5
PL7 4AB,6,5
PL7 4AD,6,5
PL7 4AL,6,5
PL7 4JT,6,5
PL7 4JY,6,5
PL9 9NP,6,5
PL9 9QY,6,5
PL9 9RB,6,5
PL9 9RE,6,5
PL6 5XJ,6,5
PL7 2AU,6,5
PL7 4EF,6,5
PL9 8HL,6,5
PL7 4PE,6,5
PL7 4EW,6,5
PL7 4DY,6,5
PL7 4RJ,6,5
PL7 4AE,6,5
PL7 4AH,6,5
PL6 5HR,6,7
PL7 2AJ,6,5
PL3 4TH,6,6
PL6 5HZ,6,7
PL6 5WA,6,5
PL6 5WB,6,5
PL6 5WD,6,5
PL6 5WE,6,5
PL6 5WF,6,8
PL9 9SP,6,5
PL9 9WA,6,5
PL7 2AA,6,5
PL9 9FH,6,5
PL7 2BB,6,5
PL6 5JA,6,5
PL2 3AA,6,6
PL9 9XJ,6,5
PL7 4AP,6,5
PL2 3HS,6,7
PL7 2HL,6,5
PL7 2AT,6,5
PL2 3PX,6,7
PL2 3LX,6,7
PL7 4NJ,6,5
PL7 2FG,6,5
PL9 8EJ,6,5
PL4 6NZ,6,7
PL9 8HH,6,5
PL7 4FA,6,5
PL7 2FH,6,5
PL3 4FD,6,7
PL7 4JR,6,5
PL9 8FY,6,6
PL2 2BB,5,6
PL2 2BD,5,6
PL2 2BE,5,6
PL2 2BP,5,6
PL2 2BR,5,6
PL2 2BX,5,6
PL2 2DF,5,6
PL2 2DG,5,6
PL2 2DH,5,6
PL2 2DJ,5,6
PL2 2DQ,5,6
PL2 2DW,5,6
PL2 2NH,5,5
PL2 2NN,5,5
PL2 2NP,5,5
PL2 2NW,5,5
PL2 2NY,5,5
PL2 2NZ,5,5
PL2 2QY,5,5
PL2 2QZ,5,5
PL2 2RA,5,5
PL2 2RB,5,5
PL2 2RD,5,5
PL2 2RE,5,5
PL2 2RF,5,5
PL2 2RG,5,5
PL2 2RH,5,5
PL2 2RJ,5,5
PL2 2RL,5,5
PL2 2RP,5,5
PL2 2RQ,5,5
PL2 2RR,5,5
PL2 2RT,5,5
PL2 2RW,5,5
PL2 2RY,5,5
PL4 0AU,5,6
PL4 0BB,5,6
PL4 0HF,5,6
PL4 6AG,5,7
PL4 6AZ,5,7
PL4 6BG,5,7
PL4 6BH,5,7
PL4 6BJ,5,7
PL4 6BL,5,7
PL4 6DU,5,7
PL4 6EP,5,6
PL4 6ER,5,6
PL4 6PA,5,6
PL4 6PE,5,7
PL4 6PH,5,7
PL4 6PJ,5,6
PL4 6PN,5,6
PL4 6PP,5,6
PL4 6PQ,5,7
PL4 6PR,5,6
PL4 6PS,5,6
PL4 6PT,5,6
PL4 6PU,5,6
PL4 6PW,5,6
PL4 6PX,5,6
PL4 6PY,5,6
PL4 6PZ,5,7
PL4 6QL,5,6
PL4 6QN,5,6
PL4 6QP,5,6
PL4 6QR,5,6
PL4 6QW,5,6
PL4 8BB,5,6
PL4 8DF,5,6
PL4 8DQ,5,6
PL4 8EA,5,6
PL4 9BA,5,6
PL5 1AA,5,6
PL5 1AB,5,6
PL5 1AD,5,6
PL5 1AF,5,6
PL5 1AG,5,6
PL5 1AS,5,6
PL5 1AU,5,6
PL5 1AW,5,6
PL5 1AZ,5,6
PL5 1BB,5,6
PL5 1BD,5,6
PL5 1BE,5,6
PL5 1BG,5,6
PL5 1BQ,5,6
PL5 3AN,5,4
PL5 3BL,5,5
PL5 3BN,5,5
PL5 3BP,5,5
PL5 3BQ,5,5
PL5 3BR,5,5
PL5 3BX,5,4
PL5 3BY,5,4
PL5 3DB,5,5
PL5 3DD,5,5
PL5 3EH,5,5
PL5 3EZ,5,5
PL5 3HA,5,5
PL5 3HB,5,5
PL5 3HD,5,5
PL5 3HE,5,5
PL5 3HF,5,5
PL5 3HH,5,5
PL5 3HJ,5,5
PL5 3HL,5,5
PL5 3HQ,5,5
PL5 3HR,5,5
PL5 3HS,5,5
PL5 3HT,5,5
PL5 3HZ,5,5
PL5 3TH,5,4
PL6 5BY,5,4
PL6 5DJ,5,4
PL6 5DN,5,4
PL6 5DU,5,4
PL6 5DW,5,4
PL6 5DX,5,4
PL6 5DY,5,4
PL6 5EA,5,4
PL6 5EB,5,4
PL6 5ED,5,4
PL6 5EE,5,4
PL6 5EF,5,4
PL6 5EG,5,4
PL6 5EH,5,4
PL6 5EJ,5,4
PL6 5EN,5,4
PL6 5EQ,5,4
PL6 8AW,5,6
PL6 8NB,5,6
PL6 8NL,5,6
PL6 8NN,5,6
PL6 8NR,5,6
PL6 8RP,5,6
PL6 8RR,5,6
PL6 8RS,5,6
PL6 8RT,5,6
PL6 8RU,5,6
PL6 8RX,5,6
PL6 8RY,5,6
PL6 8RZ,5,6
PL6 8SA,5,6
PL6 8SD,5,6
PL6 8SE,5,6
PL6 8SH,5,6
PL6 8SJ,5,6
PL6 8SQ,5,6
PL6 8TR,5,5
PL6 8TS,5,5
PL6 8UT,5,5
PL6 8UU,5,5
PL6 8XE,5,5
PL6 8XF,5,6
PL2 2AN,5,6
PL2 2LS,5,5
PL2 2QP,5,5
PL2 2QR,5,5
PL2 2QS,5,5
PL2 2RU,5,5
PL2 2RX,5,5
PL4 6AH,5,7
PL4 6AN,5,7
PL4 6AQ,5,7
PL4 6BA,5,7
PL4 6BB,5,7
PL4 6BD,5,7
PL4 6BE,5,7
PL4 6NP,5,7
PL4 6NU,5,6
PL4 6NW,5,7
PL4 6PF,5,7
PL4 6PG,5,7
PL4 6QA,5,7
PL4 6QB,5,7
PL4 6RB,5,6
PL4 6RD,5,6
PL4 8DG,5,6
PL5 1AH,5,6
PL5 1AJ,5,6
PL5 1AL,5,6
PL5 1AQ,5,6
PL5 3BB,5,5
PL5 3BZ,5,5
PL5 3DX,5,5
PL5 3HG,5,5
PL5 3HN,5,5
PL5 3HP,5,5
PL5 3HW,5,5
PL6 5BU,5,4
PL6 5BX,5,4
PL6 8BQ,5,5
PL6 8NF,5,5
PL6 8SF,5,6
PL6 8SG,5,6
PL6 5DQ,5,4
PL4 9BG,5,6
PL4 6PB,5,6
PL6 5TZ,5,4
PL6 8AR,5,6
PL6 8AS,5,6
PL5 1SE,5,6
PL6 8BP,5,5
PL4 0QT,5,6
PL6 8BS,5,5
PL4 0BU,5,6
PL4 0BS,5,6
PL4 0BT,5,6
PL4 8HD,5,6
PL4 6AW,5,7
PL5 3BH,5,5
PL5 1AN,5,6
PL4 9RA,5,6
PL4 9RB,5,6
PL4 9AZ,5,6
PL4 9RG,5,6
PL6 5DH,5,4
PL6 5DP,5,4
PL6 5YJ,5,4
PL6 8BD,5,5
PL5 3UA,5,5
PL5 3UG,5,5
PL5 3UF,5,5
PL5 3UB,5,5
PL5 3UD,5,5
PL5 3UH,5,5
PL5 3UE,5,5
PL6 5FB,5,4
PL2 2BH,5,6
PL2 2QL,5,5
PL4 0RB,5,6
PL5 3UJ,5,5
PL5 3UT,5,5
PL5 3UU,5,5
PL5 3JX,5,5
PL5 3UP,5,5
PL5 3UN,5,5
PL5 3UX,5,5
PL5 3UR,5,5
PL5 3UY,5,5
PL5 3UW,5,5
PL2 2BA,5,6
PL4 9AP,5,6
PL4 0BJ,5,6
PL5 3US,5,5
PL4 0AF,5,6
PL4 0AL,5,6
PL4 0AP,5,6
PL5 3UZ,5,5
PL5 3UQ,5,5
PL4 0BH,5,6
PL6 5DS,5,4
PL6 8BE,5,5
PL4 6BP,5,7
PL4 6AF,5,7
PL6 8AJ,5,5
PL6 8AU,5,5
PL6 8AX,5,5
PL4 6DH,5,7
PL6 8AZ,5,5
PL4 6AP,5,7
PL4 0AH,5,6
PL4 0FD,5,6
PL4 6PD,5,6
PL6 8DE,5,5
PL6 8DD,5,5
PL6 8DF,5,5
PL6 8DL,5,5
PL6 8DN,5,5
PL6 8DP,5,5
PL6 8DQ,5,5
PL6 8DJ,5,5
PL4 0QX,5,6
PL6 7RG,5,6
PL6 8DS,5,5
PL6 8DT,5,5
PL6 8DU,5,5
PL6 8DX,5,5
PL6 8EA,5,5
PL6 8EB,5,5
PL6 8ED,5,5
PL6 8DW,5,5
PL6 5QZ,5,5
PL2 2FA,5,5
PL2 2EZ,5,5
PL6 8BT,5,5
PL6 5XR,5,4
PL6 8DY,5,5
PL6 8EF,5,5
PL6 8EG,5,5
PL6 8EH,5,5
PL6 8EJ,5,5
PL5 1FF,5,6
PL6 8BU,5,5
PL6 5FP,5,5
PL4 0BD,5,6
PL6 8EQ,5,5
PL6 8ER,5,5
PL6 8DZ,5,5
PL4 0BN,5,6
PL6 5XN,5,5
PL6 5WR,5,4
PL6 5FR,5,4
PL1 5LP,4,5
PL1 5LW,4,5
PL1 5NU,4,6
PL1 5NZ,4,6
PL1 5PB,4,6
PL1 5PG,4,6
PL1 5PH,4,6
PL1 5PN,4,6
PL1 5PQ,4,6
PL1 5PT,4,6
PL1 5PU,4,6
PL1 5PW,4,6
PL1 5PX,4,6
PL1 5PY,4,6
PL1 5QS,4,6
PL1 5QT,4,6
PL1 5QZ,4,6
PL1 5RD,4,6
PL1 5RE,4,6
PL1 5RL,4,6
PL1 5RN,4,6
PL1 5RP,4,6
PL1 5RR,4,6
PL1 5RS,4,6
PL1 5RT,4,6
PL1 5RW,4,6
PL2 1LP,4,3
PL2 1LR,4,3
PL2 1LT,4,3
PL2 1LU,4,3
PL2 1LW,4,3
PL2 1NE,4,3
PL2 1NF,4,3
PL2 1NG,4,3
PL2 1NH,4,3
PL2 1NJ,4,3
PL2 1NL,4,3
PL2 1NP,4,3
PL2 1NQ,4,3
PL2 1NR,4,3
PL2 1NT,4,3
PL2 1NU,4,3
PL2 1NW,4,3
PL2 1NY,4,3
PL2 1PA,4,3
PL2 3NF,4,4
PL2 3NG,4,4
PL2 3QR,4,4
PL2 3QS,4,4
PL2 3RG,4,4
PL2 3RS,4,4
PL2 3RU,4,4
PL2 3RZ,4,4
PL2 3SG,4,4
PL2 3SH,4,4
PL2 3SJ,4,4
PL2 3SL,4,4
PL2 3SN,4,4
PL2 3SP,4,4
PL2 3SQ,4,4
PL2 3ST,4,4
PL2 3SU,4,4
PL2 3SX,4,4
PL2 3SY,4,4
PL2 3SZ,4,4
PL2 3TA,4,4
PL2 3TH,4,4
PL2 3TS,4,4
PL3 4AN,4,6
PL3 4AQ,4,6
PL3 4AW,4,6
PL3 4BP,4,6
PL3 4BQ,4,6
PL3 4BW,4,6
PL3 4DP,4,6
PL3 4EB,4,5
PL3 4EE,4,5
PL3 4EG,4,5
PL3 4EH,4,5
PL3 4EL,4,6
PL3 4EQ,4,5
PL3 4ER,4,6
PL3 4ET,4,6
PL3 4HA,4,5
PL3 4HD,4,5
PL3 4HE,4,5
PL3 4HF,4,5
PL3 4HG,4,5
PL3 4HH,4,5
PL3 4HJ,4,5
PL3 4HL,4,5
PL3 4HP,4,5
PL3 4HQ,4,5
PL3 4HR,4,5
PL3 4SR,4,5
PL3 4SS,4,5
PL3 4ST,4,5
PL3 5AA,4,5
PL3 5AB,4,5
PL3 5AX,4,5
PL3 5DX,4,5
PL3 5DZ,4,5
PL3 5EL,4,5
PL3 5ET,4,5
PL3 5EU,4,5
PL3 5EX,4,5
PL3 6AP,4,4
PL3 6AR,4,4
PL3 6AS,4,4
PL3 6AT,4,4
PL3 6AU,4,4
PL3 6AW,4,4
PL3 6BG,4,4
PL3 6BH,4,4
PL3 6BQ,4,4
PL3 6BT,4,4
PL3 6BU,4,4
PL3 6BX,4,4
PL3 6BY,4,4
PL3 6BZ,4,4
PL3 6DA,4,4
PL3 6JS,4,5
PL3 6JU,4,5
PL3 6JW,4,4
PL3 6LR,4,4
PL3 6LS,4,4
PL3 6NE,4,5
PL3 6NG,4,5
PL3 6NH,4,5
PL3 6NJ,4,5
PL3 6NL,4,5
PL3 6NT,4,5
PL3 6NY,4,5
PL3 6NZ,4,5
PL3 6PB,4,5
PL3 6PU,4,5
PL3 6PX,4,5
PL3 6PZ,4,5
PL4 6BN,4,6
PL4 6BW,4,6
PL4 6DN,4,6
PL4 6DP,4,6
PL4 6DT,4,6
PL4 6DX,4,6
PL4 6ES,4,6
PL4 6ET,4,6
PL4 6EU,4,6
PL4 6EX,4,6
PL4 6HB,4,6
PL4 6HE,4,6
PL4 6HF,4,6
PL4 6HG,4,6
PL4 6HH,4,6
PL4 6HL,4,6
PL4 6HQ,4,6
PL4 6HU,4,6
PL4 6HX,4,6
PL4 6HY,4,6
PL4 6HZ,4,6
PL4 6JA,4,6
PL4 6NH,4,5
PL4 6NJ,4,5
PL4 6NL,4,5
PL4 6NN,4,5
PL4 7AF,4,5
PL4 7AH,4,5
PL4 7AL,4,5
PL4 7AP,4,5
PL4 7AQ,4,5
PL4 7AX,4,5
PL4 7AY,4,5
PL4 7AZ,4,5
PL4 7BA,4,5
PL4 7BB,4,5
PL4 7BD,4,5
PL4 7BE,4,5
PL4 7BG,4,5
PL4 7BH,4,5
PL4 7BJ,4,5
PL4 7BL,4,5
PL4 7BN,4,5
PL4 7BQ,4,5
PL4 7BU,4,5
PL4 7DD,4,5
PL4 7DE,4,5
PL4 7DF,4,5
PL4 7DG,4,5
PL4 7DH,4,5
PL4 7DQ,4,5
PL4 7DZ,4,6
PL4 7EE,4,6
PL4 7EF,4,6
PL4 7JS,4,6
PL4 7JT,4,6
PL4 7JU,4,6
PL4 7JW,4,6
PL4 7JX,4,6
PL4 7JY,4,6
PL4 7JZ,4,6
PL4 7LA,4,6
PL4 7LB,4,6
PL4 7LN,4,6
PL4 7LR,4,6
PL4 7LS,4,6
PL4 7LT,4,6
PL4 7LU,4,6
PL4 7LX,4,6
PL4 7LY,4,6
PL4 7NA,4,4
PL4 7NF,4,6
PL4 7NG,4,6
PL4 7NJ,4,4
PL4 7NL,4,4
PL4 7NN,4,4
PL4 7NT,4,4
PL4 7NW,4,4
PL4 7PE,4,4
PL4 7PJ,4,6
PL4 7PL,4,6
PL4 7PR,4,4
PL4 7PW,4,6
PL4 8AU,4,6
PL4 8AX,4,6
PL4 8BA,4,6
PL4 8BS,4,6
PL4 8BZ,4,6
PL4 8DR,4,6
PL4 8DS,4,6
PL4 8DW,4,6
PL4 8HA,4,6
PL4 8JL,4,6
PL4 8JN,4,6
PL4 8JT,4,6
PL4 8JY,4,6
PL4 8LA,4,6
PL4 8LJ,4,6
PL4 8LL,4,6
PL4 8LT,4,6
PL4 8LU,4,6
PL4 8LX,4,6
PL4 8LY,4,6
PL4 8NB,4,6
PL4 8ND,4,6
PL4 8NE,4,6
PL4 8NZ,4,6
PL4 8PH,4,5
PL4 8PJ,4,5
PL4 8PN,4,5
PL4 8PP,4,5
PL4 8PR,4,5
PL4 8PS,4,5
PL4 8PU,4,5
PL4 8PW,4,5
PL4 8PX,4,5
PL4 8QA,4,5
PL4 8QB,4,5
PL4 8QS,4,5
PL4 8QT,4,4
PL4 8QU,4,4
PL4 8QX,4,4
PL4 8RA,4,4
PL4 8RB,4,4
PL4 8RD,4,4
PL4 8RE,4,5
PL4 8RF,4,4
PL4 8RG,4,4
PL4 8RH,4,4
PL4 8RJ,4,4
PL4 8RP,4,4
PL4 8RQ,4,4
PL4 8RR,4,4
PL4 8RS,4,4
PL4 8RT,4,4
PL4 8RU,4,4
PL4 8RW,4,4
PL4 8SD,4,4
PL4 8SE,4,4
PL4 8SF,4,4
PL4 8SG,4,4
PL4 8SJ,4,4
PL4 8SL,4,4
PL4 8SP,4,4
PL4 8SQ,4,4
PL4 8SR,4,4
PL4 8SS,4,4
PL4 8ST,4,4
PL4 8SU,4,4
PL4 8SW,4,4
PL4 8SX,4,4
PL4 8SY,4,4
PL4 8SZ,4,4
PL4 8TA,4,4
PL4 8TB,4,4
PL4 8TD,4,4
PL4 8TF,4,4
PL4 8TG,4,4
PL4 8TH,4,4
PL4 8TJ,4,4
PL4 8TL,4,4
PL4 8TQ,4,4
PL4 9BJ,4,5
PL4 9BN,4,5
PL4 9BP,4,4
PL4 9BR,4,5
PL4 9BT,4,5
PL4 9BU,4,5
PL4 9BW,4,5
PL4 9BX,4,5
PL4 9BY,4,5
PL4 9DA,4,4
PL4 9DD,4,5
PL4 9DE,4,5
PL4 9DF,4,4
PL4 9DG,4,5
PL4 9DL,4,4
PL4 9DR,4,4
PL4 9DW,4,4
PL4 9EA,4,4
PL4 9EB,4,4
PL4 9ED,4,4
PL4 9EE,4,4
PL4 9EF,4,4
PL4 9EG,4,4
PL4 9EP,4,4
PL4 9EW,4,4
PL4 9PN,4,5
PL5 1EA,4,4
PL5 1HJ,4,4
PL5 1HL,4,4
PL5 1HN,4,4
PL5 1HR,4,4
PL5 1HS,4,4
PL5 1HT,4,4
PL5 1HU,4,4
PL5 1HX,4,4
PL5 1HY,4,4
PL5 1HZ,4,4
PL5 1JN,4,4
PL5 1JP,4,4
PL5 1JR,4,4
PL5 1JU,4,4
PL5 1JW,4,4
PL5 1JX,4,4
PL5 1JY,4,4
PL5 1LA,4,4
PL5 1LB,4,4
PL5 1LE,4,4
PL5 1LF,4,4
PL5 1LG,4,4
PL5 1LH,4,4
PL5 1LJ,4,4
PL5 1LQ,4,4
PL5 1LT,4,4
PL5 1LU,4,4
PL5 1QS,4,5
PL5 1QT,4,5
PL5 1QU,4,5
PL5 1QY,4,5
PL5 1SA,4,5
PL5 1SB,4,5
PL5 1SH,4,5
PL5 1SP,4,5
PL5 2DG,4,5
PL5 2DH,4,5
PL5 2DJ,4,5
PL5 2DQ,4,5
PL5 2DR,4,5
PL5 2DS,4,5
PL5 2DT,4,5
PL5 2DU,4,5
PL5 2DX,4,5
PL5 2EA,4,5
PL5 2EG,4,5
PL5 2EH,4,5
PL5 2EJ,4,5
PL5 2EL,4,5
PL5 2EN,4,5
PL5 2ES,4,5
PL5 2EW,4,5
PL5 2EZ,4,5
PL5 3AF,4,4
PL5 3AH,4,4
PL5 3AL,4,4
PL5 3AP,4,4
PL5 3AS,4,4
PL5 3AU,4,4
PL5 3AW,4,4
PL5 3BE,4,4
PL5 3DA,4,4
PL5 3DH,4,4
PL5 3DJ,4,4
PL5 3DN,4,4
PL5 3DP,4,4
PL5 3DQ,4,4
PL5 3DS,4,4
PL5 3DT,4,4
PL5 3DW,4,4
PL5 3DY,4,4
PL5 4HY,4,6
PL5 4JJ,4,6
PL5 4JN,4,6
PL5 4JR,4,6
PL5 4JW,4,6
PL5 4JX,4,6
PL5 4NA,4,4
PL5 4NU,4,4
PL5 4NX,4,4
PL5 4PB,4,6
PL5 4PD,4,6
PL5 4PE,4,6
PL5 4QB,4,4
PL5 4QF,4,4
PL6 5AJ,4,4
PL6 5AT,4,4
PL6 5AZ,4,4
PL6 5BN,4,4
PL6 6LN,4,4
PL6 6LT,4,4
PL6 6LW,4,4
PL6 6LX,4,4
PL6 6NP,4,4
PL6 6NR,4,4
PL6 6NS,4,4
PL6 6NT,4,4
PL6 6NU,4,4
PL6 6NX,4,4
PL6 6NY,4,4
PL6 6NZ,4,4
PL6 6PA,4,4
PL6 6PB,4,4
PL6 6PD,4,4
PL6 6PE,4,4
PL6 6PF,4,4
PL6 6PG,4,4
PL6 6SH,4,4
PL6 6TL,4,4
PL6 6TN,4,4
PL6 7AA,4,5
PL6 7AY,4,5
PL6 7AZ,4,5
PL6 7DE,4,5
PL6 7DF,4,5
PL6 7DG,4,5
PL6 7DP,4,5
PL6 7DQ,4,5
PL6 7DZ,4,5
PL6 7EE,4,5
PL6 7EF,4,5
PL6 7EG,4,5
PL6 7EJ,4,5
PL6 7EL,4,5
PL6 7EN,4,5
PL6 7EP,4,5
PL6 7EQ,4,5
PL6 7EW,4,5
PL6 7HE,4,5
PL9 7BL,4,4
PL9 7BN,4,4
PL9 7BP,4,4
PL9 7BT,4,4
PL9 7BW,4,4
PL9 7DN,4,4
PL9 7DR,4,4
PL9 7DS,4,4
PL9 7DT,4,4
PL9 7EH,4,4
PL9 7EL,4,4
PL9 7ER,4,4
PL9 7ET,4,4
PL9 7EX,4,4
PL9 7EZ,4,4
PL9 7HB,4,4
PL9 7HD,4,4
PL9 7HG,4,4
PL9 7HH,4,4
PL9 7HQ,4,4
PL9 7HX,4,4
PL9 7QP,4,4
PL9 7QR,4,4
PL9 7QS,4,4
PL9 7QT,4,4
PL9 7QU,4,4
PL9 7QX,4,4
PL9 7QY,4,4
PL9 7QZ,4,4
PL9 7RA,4,4
PL9 7RB,4,4
PL9 7RE,4,4
PL9 7RG,4,4
PL9 7RJ,4,4
PL9 7RQ,4,4
PL9 7RS,4,4
PL9 7RT,4,4
PL9 8AL,4,4
PL9 9DB,4,5
PL9 9DD,4,5
PL9 9JG,4,5
PL9 9LT,4,5
PL9 9RX,4,5
PL9 9UG,4,5
PL9 9UH,4,5
PL9 9UJ,4,5
PL9 9UN,4,5
PL9 9UP,4,5
PL9 9UR,4,5
PL9 9UT,4,5
PL9 9UU,4,5
PL9 9UW,4,5
PL9 9UX,4,5
PL9 9UY,4,5
PL1 4QG,4,6
PL1 5NW,4,5
PL2 1JP,4,3
PL2 1LJ,4,3
PL2 1LN,4,3
PL2 1LS,4,3
PL2 3JP,4,4
PL2 3SF,4,4
PL2 3SW,4,4
PL2 3TB,4,4
PL2 3TJ,4,4
PL2 3TL,4,4
PL2 3TN,4,4
PL2 3TP,4,4
PL2 3TW,4,4
PL3 4AL,4,6
PL3 4BR,4,6
PL3 4SP,4,5
PL3 5AN,4,5
PL3 5AR,4,5
PL3 5AS,4,5
PL3 5AU,4,5
PL3 5AW,4,5
PL3 6AD,4,4
PL3 6AE,4,4
PL3 6AF,4,4
PL3 6AG,4,4
PL3 6BN,4,4
PL3 6BW,4,4
PL3 6DG,4,4
PL3 6DQ,4,4
PL3 6LQ,4,4
PL4 6AL,4,6
PL4 6AS,4,6
PL4 6AX,4,6
PL4 6AY,4,6
PL4 6HN,4,6
PL4 7AG,4,5
PL4 7AR,4,5
PL4 7LE,4,6
PL4 7LF,4,6
PL4 7LG,4,6
PL4 7LH,4,6
PL4 7LQ,4,6
PL4 7LW,4,6
PL4 7NU,4,4
PL4 7PS,4,4
PL4 7PT,4,4
PL4 7PU,4,4
PL4 7PX,4,4
PL4 7PY,4,4
PL4 8EG,4,6
PL4 8JW,4,6
PL4 8SA,4,4
PL4 8SB,4,4
PL5 1JS,4,4
PL5 1JT,4,4
PL5 1JZ,4,4
PL5 1LD,4,4
PL5 2DY,4,5
PL5 2DZ,4,5
PL5 3AA,4,4
PL5 3AB,4,4
PL5 3AD,4,4
PL5 3AY,4,4
PL5 3AZ,4,4
PL5 3BA,4,4
PL5 3DL,4,4
PL5 3DR,4,4
PL5 3DU,4,4
PL5 4JS,4,6
PL5 4JU,4,6
PL5 4JY,4,6
PL5 4LF,4,4
PL5 4LU,4,6
PL5 4NH,4,4
PL5 4NT,4,4
PL5 4NY,4,4
PL6 5AR,4,4
PL6 5AS,4,4
PL6 5AU,4,4
PL6 7HN,4,5
PL7 1UH,4,4
PL9 7DJ,4,4
PL9 7DU,4,4
PL9 7DX,4,4
PL9 7DY,4,4
PL9 7EU,4,4
PL9 7RF,4,4
PL9 9DA,4,5
PL1 5PS,4,6
PL1 5RU,4,6
PL3 4AR,4,6
PL3 5AP,4,5
PL3 5AT,4,5
PL3 6PY,4,5
PL4 7PH,4,6
PL4 7PN,4,6
PL4 7PP,4,6
PL4 8ER,4,6
PL4 8RL,4,4
PL4 8RN,4,4
PL4 8SH,4,4
PL4 9DH,4,4
PL4 9DJ,4,4
PL4 9DP,4,4
PL4 9DQ,4,4
PL5 1RZ,4,5
PL5 3AX,4,4
PL5 4JZ,4,6
PL5 4LT,4,6
PL5 4LW,4,6
PL5 4LX,4,6
PL5 4NN,4,4
PL5 4NR,4,4
PL9 7DH,4,4
PL9 7DQ,4,4
PL9 7EN,4,4
PL9 7RH,4,4
PL9 8AA,4,4
PL4 7LP,4,6
PL5 4NJ,4,4
PL1 5NY,4,6
PL4 8QP,4,5
PL5 3BD,4,4
PL5 4LA,4,6
PL9 7RN,4,4
PL9 7RP,4,4
PL3 4HS,4,5
PL3 4HU,4,5
PL6 5AL,4,4
PL5 4NZ,4,4
PL6 5AE,4,4
PL5 3AT,4,4
PL5 3BG,4,4
PL5 4NL,4,4
PL5 4NS,4,4
PL5 4NW,4,4
PL5 4LE,4,4
PL3 4BS,4,6
PL4 7AS,4,5
PL5 4RH,4,6
PL5 4TR,4,6
PL4 7AD,4,5
PL3 6TA,4,4
PL3 6TB,4,4
PL3 6TD,4,4
PL6 5AD,4,4
PL4 8QN,4,5
PL4 8JR,4,6
PL4 8BP,4,6
PL4 8LH,4,6
PL5 3AR,4,4
PL3 4DZ,4,6
PL3 5DF,4,5
PL4 8LZ,4,6
PL4 8LS,4,6
PL4 8LP,4,6
PL4 6ED,4,6
PL6 6SQ,4,4
PL4 7QJ,4,6
PL4 7QR,4,6
PL3 4HZ,4,5
PL6 6SD,4,4
PL4 7QW,4,4
PL3 6HP,4,5
PL4 7LD,4,6
PL4 8HW,4,6
PL4 7QP,4,4
PL4 7QS,4,4
PL4 6AU,4,6
PL4 8TE,4,4
PL4 7QT,4,4
PL4 6LA,4,6
PL4 7QX,4,4
PL5 3UL,4,4
PL2 1NA,4,3
PL9 7JS,4,4
PL1 5PP,4,6
PL4 6NE,4,5
PL9 8LU,4,4
PL4 8AY,4,6
PL4 6NF,4,5
PL4 7DU,4,6
PL4 8AS,4,6
PL4 6NB,4,5
PL4 6NG,4,5
PL4 6NQ,4,5
PL4 7QU,4,4
PL2 2SJ,4,4
PL2 2SH,4,4
PL1 5NL,4,5
PL6 7EU,4,5
PL6 7EX,4,5
PL6 7ET,4,5
PL9 7RD,4,4
PL4 7AJ,4,5
PL4 8AP,4,6
PL1 5AX,4,6
PL4 7AE,4,5
PL4 7AU,4,5
PL3 4HB,4,5
PL3 4HN,4,5
PL3 4GY,4,5
PL1 5AW,4,6
PL4 8EB,4,6
PL4 9AU,4,4
PL6 7FD,4,5
PL4 8BR,4,6
PL9 7BG,4,4
PL2 1NS,4,3
PL5 2AB,4,5
PL4 8ET,4,6
PL3 4DX,4,5
PL2 3EF,4,4
PL2 3EG,4,4
PL2 3EQ,4,4
PL2 3FD,4,4
PL2 3FE,4,4
PL2 3FG,4,4
PL9 7FD,4,4
PL9 7FG,4,4
PL9 7FH,4,4
PL9 7FJ,4,4
PL9 7FL,4,4
PL9 7FN,4,4
PL9 7FR,4,4
PL9 7FS,4,4
PL9 7FT,4,4
PL4 8TZ,4,4
PL5 1FA,4,4
PL4 6AJ,4,6
PL2 3EE,4,4
PL2 3FA,4,4
PL2 3FB,4,4
PL9 7FB,4,4
PL9 7FF,4,4
PL9 7FQ,4,4
PL9 7FU,4,4
PL9 7FX,4,4
PL9 7FW,4,4
PL4 7BS,4,6
PL9 7FY,4,4
PL9 7GA,4,4
PL9 7FZ,4,4
PL4 8AB,4,6
PL4 8RX,4,4
PL4 8HB,4,6
PL4 8FA,4,4
PL4 8AQ,4,6
PL4 8FB,4,4
PL5 4NF,4,4
PL4 8EZ,4,6
PL6 6FN,4,4
PL6 6FP,4,4
PL6 6FQ,4,4
PL6 6FR,4,4
PL6 6FS,4,4
PL4 6BT,4,6
PL9 7GB,4,4
PL9 7GE,4,4
PL9 7GF,4,4
PL9 7GD,4,4
PL6 7DD,4,5
PL6 7BP,4,5
PL1 5LG,3,4
PL1 5LH,3,4
PL1 5LJ,3,4
PL1 5LL,3,4
PL1 5LN,3,4
PL1 5LQ,3,4
PL1 5LR,3,4
PL1 5LT,3,4
PL1 5LU,3,4
PL1 5LX,3,4
PL1 5LY,3,4
PL1 5LZ,3,4
PL1 5NA,3,4
PL1 5NB,3,4
PL1 5ND,3,4
PL1 5NE,3,4
PL1 5NF,3,4
PL1 5NG,3,4
PL1 5NH,3,4
PL1 5NQ,3,4
PL1 5PD,3,4
PL1 5PZ,3,4
PL1 5QA,3,4
PL1 5QB,3,4
PL1 5QD,3,4
PL1 5QF,3,4
PL1 5QU,3,4
PL2 1DS,3,4
PL2 1HX,3,4
PL2 1HY,3,4
PL2 1JA,3,4
PL2 1JB,3,4
PL2 1JD,3,4
PL2 1JE,3,4
PL2 1JF,3,4
PL2 1JG,3,4
PL2 1JT,3,4
PL2 1JU,3,4
PL2 1JZ,3,4
PL2 1LA,3,4
PL2 1LB,3,4
PL2 1LD,3,4
PL2 1LX,3,3
PL2 1NN,3,3
PL2 1NX,3,3
PL2 1NZ,3,3
PL2 1PB,3,3
PL2 1PY,3,4
PL2 1PZ,3,4
PL2 1QA,3,4
PL2 1QB,3,4
PL2 1QD,3,4
PL2 1QE,3,4
PL2 1QG,3,4
PL2 1QH,3,4
PL2 1QQ,3,4
PL2 1QS,3,3
PL2 2BS,3,3
PL2 2BT,3,3
PL2 2BU,3,3
PL2 2BY,3,3
PL2 2DA,3,3
PL2 2DB,3,3
PL3 6AJ,3,4
PL3 6AY,3,4
PL3 6BB,3,3
PL3 6BD,3,3
PL3 6BE,3,3
PL3 6DJ,3,4
PL3 6DL,3,4
PL3 6DN,3,4
PL3 6DP,3,4
PL3 6DR,3,4
PL3 6DS,3,4
PL3 6DT,3,4
PL3 6DW,3,4
PL3 6DX,3,4
PL3 6HF,3,4
PL3 6HG,3,4
PL3 6HQ,3,4
PL3 6HT,3,4
PL3 6HW,3,4
PL3 6HX,3,4
PL3 6HY,3,4
PL3 6NP,3,3
PL3 6NU,3,3
PL3 6NX,3,3
PL3 6PA,3,4
PL3 6RJ,3,3
PL3 6RU,3,3
PL3 6RX,3,3
PL3 6RZ,3,3
PL3 6SA,3,3
PL3 6SB,3,3
PL3 6SD,3,3
PL3 6SE,3,3
PL3 6SF,3,3
PL3 6SG,3,3
PL3 6SH,3,3
PL3 6SJ,3,3
PL3 6SL,3,3
PL3 6SN,3,3
PL3 6SQ,3,3
PL3 6SU,3,3
PL3 6SW,3,3
PL3 6SX,3,3
PL3 6SY,3,3
PL3 6SZ,3,3
PL4 6QG,3,5
PL4 6QJ,3,5
PL4 6QS,3,5
PL4 7AA,3,5
PL4 7AN,3,5
PL4 7BT,3,5
PL4 7BX,3,5
PL4 7BY,3,5
PL4 7DB,3,5
PL4 7DJ,3,5
PL4 7DL,3,5
PL4 7DN,3,5
PL4 7DP,3,5
PL4 7DR,3,5
PL4 7DY,3,4
PL4 7ED,3,5
PL4 7EH,3,3
PL4 7EP,3,3
PL4 7EQ,3,3
PL4 7ER,3,3
PL4 7ES,3,3
PL4 7ET,3,3
PL4 7EX,3,3
PL4 7EY,3,3
PL4 7EZ,3,3
PL4 7HA,3,3
PL4 7HB,3,3
PL4 7HD,3,3
PL4 7HE,3,3
PL4 7HF,3,3
PL4 7HG,3,3
PL4 7HH,3,3
PL4 7HL,3,3
PL4 7HN,3,3
PL4 7HQ,3,3
PL4 7HU,3,3
PL4 7HW,3,3
PL4 7HY,3,3
PL4 7HZ,3,3
PL4 7JP,3,5
PL4 7JR,3,5
PL4 7NE,3,3
PL4 7NQ,3,3
PL4 7NY,3,3
PL4 7PA,3,3
PL4 7PB,3,3
PL4 7PD,3,3
PL4 8EY,3,4
PL4 8HN,3,4
PL4 8HS,3,4
PL4 8HT,3,4
PL4 8HU,3,4
PL4 8HY,3,4
PL4 8JA,3,4
PL4 8JB,3,4
PL4 8JD,3,4
PL4 8JE,3,4
PL4 8JF,3,4
PL4 8JG,3,4
PL4 8JJ,3,4
PL4 8JQ,3,4
PL4 8PL,3,4
PL4 8QD,3,4
PL4 8QF,3,4
PL5 1LR,3,4
PL5 1LS,3,4
PL5 1LX,3,4
PL5 1NE,3,4
PL5 1NF,3,4
PL5 1NG,3,4
PL5 1NH,3,4
PL5 1NJ,3,4
PL5 1NL,3,4
PL5 1NN,3,4
PL5 1NP,3,4
PL5 1NQ,3,4
PL5 1NR,3,4
PL5 1NS,3,4
PL5 1NT,3,4
PL5 1NU,3,4
PL5 1NW,3,4
PL5 1NY,3,4
PL5 1NZ,3,4
PL5 1PA,3,4
PL5 1PB,3,4
PL5 1PD,3,4
PL5 1PE,3,4
PL5 1PF,3,4
PL5 1PG,3,4
PL5 1PH,3,4
PL5 1PJ,3,4
PL5 1PQ,3,4
PL5 1PU,3,3
PL5 1RB,3,4
PL5 1RD,3,4
PL5 1RF,3,4
PL5 1RR,3,4
PL5 1RY,3,4
PL5 1SJ,3,4
PL5 1SL,3,4
PL5 1SN,3,4
PL5 1SR,3,4
PL5 1SS,3,4
PL5 1SW,3,4
PL5 1TX,3,3
PL5 1UB,3,3
PL5 1UH,3,3
PL5 1UJ,3,3
PL5 1UL,3,3
PL5 1UN,3,3
PL5 1UP,3,3
PL5 1UQ,3,3
PL5 1UR,3,3
PL5 1UT,3,3
PL5 1UW,3,3
PL5 1UX,3,3
PL5 2AE,3,3
PL5 2AF,3,3
PL5 2AH,3,3
PL5 2AQ,3,3
PL5 2AS,3,3
PL5 2AT,3,3
PL5 2AX,3,3
PL5 2AY,3,3
PL5 2BB,3,3
PL5 2BJ,3,3
PL5 2BL,3,3
PL5 2BN,3,3
PL5 2BU,3,3
PL5 2DW,3,3
PL5 2ED,3,3
PL5 2EE,3,3
PL5 2EF,3,3
PL5 2HH,3,3
PL5 2HJ,3,3
PL5 2HL,3,3
PL5 2HP,3,3
PL5 2JZ,3,4
PL5 2LA,3,4
PL5 2LN,3,4
PL5 2LR,3,4
PL5 2LS,3,4
PL5 2NJ,3,4
PL5 2NL,3,4
PL5 2NN,3,3
PL5 2NP,3,3
PL5 2NR,3,4
PL5 2NS,3,4
PL5 2NT,3,4
PL5 2NU,3,4
PL5 2NW,3,4
PL5 2NX,3,4
PL5 2NY,3,4
PL5 2NZ,3,4
PL5 2PA,3,3
PL5 2PE,3,4
PL5 2PF,3,4
PL5 2PG,3,3
PL5 2PH,3,3
PL5 2PJ,3,3
PL5 2PL,3,4
PL5 2PN,3,3
PL5 2PQ,3,3
PL5 2PR,3,3
PL5 2PS,3,3
PL5 2PT,3,3
PL5 2PU,3,3
PL5 2PX,3,3
PL5 2PY,3,3
PL5 2PZ,3,3
PL5 2QA,3,3
PL5 2QB,3,3
PL5 2QD,3,3
PL5 2QE,3,3
PL5 2QF,3,3
PL5 2QG,3,3
PL5 2QL,3,3
PL5 2QT,3,4
PL5 2QU,3,3
PL5 2QX,3,3
PL5 2QY,3,3
PL5 2RA,3,3
PL5 2RB,3,3
PL5 3JD,3,4
PL5 3JJ,3,4
PL5 3JL,3,4
PL5 3JN,3,4
PL5 3JT,3,4
PL5 3JW,3,4
PL5 3NL,3,4
PL5 3NT,3,4
PL5 3NU,3,4
PL5 3NX,3,4
PL5 3PA,3,4
PL5 3PB,3,4
PL5 3PD,3,4
PL5 3PE,3,4
PL5 3PF,3,4
PL5 3PG,3,4
PL5 3PH,3,4
PL5 3PJ,3,4
PL5 3PQ,3,4
PL5 3PR,3,4
PL5 3QG,3,4
PL5 3QP,3,4
PL5 3QQ,3,4
PL5 3QR,3,4
PL5 3QS,3,4
PL5 3QW,3,4
PL5 3QZ,3,4
PL5 3RA,3,4
PL5 3RB,3,4
PL5 3RD,3,4
PL5 3RE,3,4
PL5 3RF,3,4
PL5 3RG,3,4
PL5 3RJ,3,4
PL5 3RL,3,4
PL5 3RU,3,4
PL5 3RX,3,4
PL5 3SH,3,4
PL5 3SJ,3,4
PL5 3SL,3,4
PL5 3SN,3,4
PL6 5QX,3,4
PL6 5QY,3,4
PL6 5RT,3,4
PL6 5SA,3,4
PL6 5SB,3,4
PL6 5SD,3,4
PL6 5SE,3,4
PL6 5SF,3,4
PL6 5SG,3,4
PL6 5SH,3,4
PL6 5SQ,3,4
PL6 5UG,3,4
PL6 5UH,3,4
PL6 5UJ,3,4
PL6 5UL,3,4
PL6 5UN,3,4
PL6 5UP,3,4
PL6 5UQ,3,4
PL6 5UR,3,4
PL6 5UT,3,4
PL6 5UU,3,4
PL6 5UW,3,4
PL6 5UX,3,4
PL6 5UY,3,4
PL6 5UZ,3,4
PL6 5XA,3,4
PL6 5XB,3,4
PL6 5XD,3,4
PL6 5XE,3,4
PL6 5XF,3,4
PL6 5XG,3,4
PL6 5XH,3,4
PL6 5XQ,3,4
PL6 6DJ,3,3
PL6 6DL,3,3
PL6 6DN,3,3
PL6 6DP,3,3
PL6 6DR,3,3
PL6 6DW,3,3
PL6 6DX,3,3
PL6 6DZ,3,3
PL6 6EA,3,3
PL6 6EB,3,3
PL6 6ED,3,3
PL6 6EE,3,3
PL6 6EF,3,3
PL6 6EG,3,3
PL6 6EH,3,3
PL6 6EJ,3,2
PL6 6EN,3,2
PL6 6EP,3,2
PL6 6EQ,3,3
PL6 6ER,3,2
PL6 6ES,3,2
PL6 6ET,3,2
PL6 6EU,3,2
PL6 6EW,3,2
PL6 6EX,3,2
PL6 6EY,3,2
PL6 6EZ,3,2
PL6 6HA,3,2
PL6 6HB,3,2
PL6 6HD,3,2
PL6 6HE,3,2
PL6 6HF,3,2
PL6 6HG,3,2
PL6 6HJ,3,3
PL6 6HP,3,2
PL6 6HR,3,2
PL6 6HS,3,2
PL6 6HT,3,3
PL6 6HU,3,2
PL6 6HX,3,3
PL6 6HY,3,3
PL6 6HZ,3,3
PL6 6JA,3,2
PL6 6JB,3,2
PL6 6JD,3,3
PL6 6JE,3,3
PL6 6JF,3,3
PL6 6JG,3,2
PL6 6JH,3,2
PL6 6JJ,3,2
PL6 6JP,3,4
PL6 6JQ,3,2
PL6 6JR,3,4
PL6 6JW,3,4
PL6 6JX,3,4
PL6 6JY,3,4
PL6 6JZ,3,4
PL6 6LA,3,4
PL6 6LG,3,2
PL6 6LP,3,4
PL6 6LS,3,4
PL6 6LU,3,4
PL6 6LY,3,4
PL6 6LZ,3,4
PL6 6NA,3,4
PL6 6NB,3,4
PL6 6ND,3,4
PL6 6NE,3,4
PL6 6NF,3,4
PL6 6NG,3,4
PL6 6NH,3,4
PL6 6NJ,3,4
PL6 6NL,3,4
PL6 6NN,3,4
PL6 6NQ,3,4
PL6 6NW,3,4
PL6 6QF,3,3
PL6 6QG,3,3
PL6 6QH,3,3
PL6 6QJ,3,3
PL6 6QL,3,3
PL6 6QN,3,3
PL6 6QP,3,3
PL6 6QQ,3,3
PL6 6QR,3,3
PL6 6QU,3,3
PL6 6QW,3,3
PL6 6QX,3,3
PL6 6QY,3,3
PL6 6QZ,3,3
PL6 6RA,3,3
PL6 6RB,3,3
PL6 6RD,3,3
PL6 6RE,3,3
PL6 6RF,3,3
PL6 6RG,3,3
PL6 6RH,3,3
PL6 6RJ,3,3
PL6 6RL,3,3
PL6 6RN,3,3
PL6 6RP,3,3
PL6 6RQ,3,3
PL6 6RW,3,3
PL6 6SB,3,3
PL6 6SP,3,4
PL6 6SR,3,4
PL6 6SS,3,4
PL6 6ST,3,4
PL6 6TE,3,4
PL6 6TH,3,4
PL6 6TJ,3,4
PL6 6TQ,3,4
PL6 7DT,3,2
PL6 7EB,3,2
PL6 8LN,3,4
PL6 8NG,3,3
PL6 8NP,3,3
PL6 8NS,3,3
PL6 8NU,3,3
PL6 8NX,3,3
PL6 8NY,3,3
PL6 8NZ,3,3
PL6 8PA,3,3
PL6 8PB,3,3
PL6 8PD,3,4
PL6 8PE,3,3
PL6 8PF,3,3
PL6 8PG,3,4
PL6 8PH,3,4
PL6 8PJ,3,4
PL6 8PL,3,4
PL6 8PN,3,4
PL6 8PP,3,4
PL6 8PQ,3,4
PL6 8PR,3,4
PL6 8PS,3,3
PL6 8PT,3,4
PL6 8PU,3,4
PL6 8PW,3,3
PL6 8PX,3,4
PL6 8PY,3,4
PL6 8PZ,3,4
PL6 8QA,3,4
PL6 8QE,3,3
PL6 8QF,3,3
PL6 8QG,3,3
PL6 8QH,3,3
PL6 8QJ,3,3
PL6 8QL,3,3
PL6 8QN,3,3
PL6 8QP,3,4
PL6 8QQ,3,3
PL6 8QR,3,3
PL6 8QS,3,4
PL6 8QT,3,3
PL6 8QU,3,3
PL6 8QW,3,3
PL6 8QX,3,3
PL6 8QY,3,4
PL6 8QZ,3,4
PL6 8RA,3,4
PL6 8RB,3,4
PL6 8RD,3,4
PL6 8RE,3,4
PL6 8RF,3,4
PL6 8RG,3,4
PL6 8RH,3,4
PL6 8RJ,3,4
PL6 8RL,3,4
PL6 8RN,3,4
PL6 8RQ,3,4
PL6 8RW,3,4
PL6 8SL,3,3
PL6 8SN,3,3
PL6 8SP,3,4
PL6 8SR,3,3
PL6 8SS,3,3
PL6 8ST,3,3
PL6 8SW,3,3
PL6 8TD,3,3
PL6 8TF,3,3
PL6 8TH,3,3
PL6 8TJ,3,3
PL6 8TL,3,3
PL6 8TN,3,3
PL6 8TP,3,3
PL6 8TQ,3,3
PL6 8TT,3,3
PL6 8TW,3,3
PL6 8UG,3,3
PL6 8UQ,3,3
PL6 8UX,3,3
PL6 8UY,3,3
PL6 8UZ,3,3
PL6 8XA,3,3
PL6 8XB,3,3
PL7 1GB,3,2
PL7 1JA,3,2
PL7 1JU,3,2
PL7 1JX,3,2
PL7 1JY,3,2
PL7 1JZ,3,2
PL7 1LA,3,2
PL7 1LB,3,2
PL7 1LD,3,2
PL7 1LE,3,2
PL7 1LZ,3,2
PL7 1NJ,3,2
PL7 1NN,3,2
PL7 1NX,3,2
PL7 1NY,3,2
PL1 5NN,3,4
PL2 1HR,3,4
PL2 1JJ,3,4
PL2 1JR,3,3
PL2 2AH,3,3
PL2 2AL,3,3
PL3 6AA,3,3
PL3 6AB,3,3
PL3 6AQ,3,4
PL3 6BJ,3,3
PL3 6BL,3,3
PL3 6DH,3,4
PL3 6EE,3,4
PL3 6LH,3,3
PL3 6LJ,3,3
PL3 6SP,3,3
PL3 6SR,3,3
PL3 6SS,3,3
PL3 6ST,3,3
PL4 6JH,3,5
PL4 6QH,3,5
PL4 6QY,3,5
PL4 7HP,3,3
PL4 7HR,3,3
PL4 7HS,3,3
PL4 7HT,3,3
PL4 7LJ,3,3
PL4 7LL,3,3
PL4 7NX,3,3
PL4 7NZ,3,3
PL4 8JP,3,4
PL4 8LB,3,4
PL4 8QE,3,4
PL5 1PP,3,3
PL5 2AL,3,3
PL5 2AP,3,3
PL5 2AR,3,3
PL5 2AU,3,3
PL5 2AW,3,3
PL5 2AZ,3,3
PL5 2BA,3,3
PL5 2BP,3,3
PL5 2BS,3,3
PL5 2BT,3,3
PL5 2BW,3,3
PL5 2HN,3,3
PL5 2LH,3,4
PL5 2LQ,3,4
PL5 3NP,3,4
PL5 3NR,3,4
PL5 3NS,3,4
PL5 3NW,3,4
PL5 3NZ,3,4
PL5 3SY,3,4
PL7 2HN,3,2
PL7 1JB,3,2
PL7 1JD,3,2
PL7 1JS,3,2
PL7 1JT,3,2
PL7 1NP,3,2
PL7 1NR,3,2
PL7 1NS,3,2
PL7 1NT,3,2
PL7 1NU,3,2
PL7 1NW,3,2
PL7 1PA,3,2
PL7 1PB,3,2
PL4 7EB,3,5
PL4 7EU,3,3
PL5 2AD,3,3
PL6 8LB,3,4
PL6 8LD,3,4
PL7 1LY,3,2
PL1 5NJ,3,4
PL4 8NP,3,4
PL4 6QD,3,5
PL3 4HT,3,4
PL4 8QH,3,4
PL5 2HG,3,4
PL1 5QN,3,4
PL7 1LU,3,2
PL3 6PD,3,3
PL3 6PF,3,4
PL6 8AP,3,3
PL5 3RY,3,4
PL5 3SA,3,4
PL5 3RZ,3,4
PL5 3SB,3,4
PL5 3SD,3,4
PL4 7DW,3,5
PL6 6TW,3,4
PL7 2PS,3,2
PL2 1JW,3,4
PL6 8LF,3,4
PL1 5QL,3,4
PL2 1LE,3,4
PL5 2HA,3,3
PL5 2HB,3,3
PL4 7QH,3,3
PL6 8JZ,3,3
PL5 2UA,3,3
PL5 2UB,3,3
PL5 2UD,3,3
PL7 1YZ,3,2
PL2 1JN,3,4
PL6 6JL,3,2
PL3 6PE,3,3
PL4 8TW,3,4
PL6 6JN,3,4
PL4 8HX,3,4
PL5 1SF,3,4
PL6 8UE,3,3
PL4 7EA,3,5
PL4 7DS,3,5
PL6 7UA,3,2
PL6 7UD,3,2
PL5 3SQ,3,4
PL2 1QT,3,3
PL5 2QN,3,3
PL4 8HL,3,4
PL2 1DQ,3,4
PL7 1LJ,3,2
PL7 1LN,3,2
PL7 1LP,3,2
PL7 1LR,3,2
PL7 1LS,3,2
PL7 1LX,3,2
PL5 2AG,3,3
PL5 2AJ,3,3
PL3 6AH,3,4
PL3 6DE,3,4
PL4 6JG,3,5
PL4 8PQ,3,4
PL4 8PD,3,4
PL4 8PG,3,4
PL4 8PF,3,4
PL1 5LF,3,4
PL4 8PE,3,4
PL4 7QN,3,4
PL5 2QS,3,4
PL6 8UF,3,3
PL4 6JQ,3,5
PL7 1HT,3,2
PL5 1RX,3,4
PL4 8PB,3,4
PL4 6RN,3,5
PL4 6QQ,3,5
PL1 5QR,3,4
PL4 6RT,3,5
PL4 6JJ,3,5
PL4 7JA,3,3
PL4 6QU,3,5
PL4 8TP,3,4
PL7 2AR,3,2
PL1 5PR,3,4
PL7 1LW,3,2
PL3 6EP,3,4
PL4 7BZ,3,5
PL4 8EX,3,4
PL1 5AN,3,4
PL4 7DA,3,5
PL2 2BZ,3,3
PL4 6LD,3,5
PL6 8LL,3,4
PL6 8BN,3,3
PL6 6FD,3,2
PL6 6BJ,3,2
PL6 8LH,3,4
PL6 6FA,3,2
PL6 6FB,3,2
PL4 8HF,3,4
PL4 7AW,3,5
PL5 1AP,3,4
PL7 2AL,3,2
PL5 2DL,3,3
PL1 5NP,3,4
PL6 6FG,3,2
PL6 6FH,3,2
PL6 6FL,3,2
PL4 6LF,3,5
PL1 5EZ,3,4
PL4 6LE,3,5
PL4 7EG,3,3
PL7 2AG,3,2
PL5 1FB,3,4
PL6 8LR,3,4
PL3 6AL,3,3
PL6 6FF,3,2
PL6 8LG,3,4
PL6 8EE,3,3
PL6 8EN,3,3
PL6 8EP,3,3
PL4 8FD,3,4
PL6 6FJ,3,3
PL6 8LQ,3,4
PL7 2JJ,3,2
PL4 8EU,3,4
PL6 6FT,3,4
PL2 2PW,2,2
PL1 3QL,2,3
PL1 2AG,2,3
PL1 2AQ,2,3
PL1 2DA,2,2
PL1 2HN,2,3
PL1 2HT,2,3
PL1 2HU,2,3
PL1 2HX,2,3
PL1 2HY,2,3
PL1 2HZ,2,3
PL1 2JA,2,3
PL1 2JD,2,3
PL1 2JE,2,2
PL1 2JF,2,3
PL1 2JZ,2,3
PL1 2LA,2,3
PL1 2LP,2,3
PL1 2LW,2,3
PL1 2NA,2,3
PL1 2NB,2,3
PL1 2ND,2,3
PL1 2NG,2,3
PL1 2NH,2,3
PL1 2NJ,2,3
PL1 2NN,2,3
PL1 2NR,2,3
PL1 2NW,2,3
PL1 2PL,2,3
PL1 2PP,2,3
PL1 2PU,2,3
PL1 2PY,2,3
PL1 2QA,2,3
PL1 2QB,2,3
PL1 2QD,2,3
PL1 2QH,2,3
PL1 2RH,2,3
PL1 2RN,2,3
PL1 2RP,2,3
PL1 2RQ,2,3
PL1 3AN,2,3
PL1 3AU,2,3
PL1 3AX,2,3
PL1 3AZ,2,3
PL1 3BB,2,3
PL1 3BD,2,3
PL1 3BE,2,3
PL1 3BG,2,3
PL1 3BN,2,3
PL1 3BS,2,3
PL1 3BT,2,3
PL1 3BW,2,3
PL1 3BX,2,3
PL1 3BY,2,3
PL1 3DA,2,3
PL1 3DB,2,3
PL1 3DD,2,3
PL1 3DF,2,3
PL1 3DJ,2,3
PL1 3DQ,2,3
PL1 3HL,2,3
PL1 3JE,2,3
PL1 3JQ,2,3
PL1 3LP,2,3
PL1 3NU,2,3
PL1 3PR,2,3
PL1 3PS,2,3
PL1 3PU,2,3
PL1 3QN,2,3
PL1 3QP,2,3
PL1 3QR,2,3
PL1 3QT,2,3
PL1 3QU,2,3
PL1 3QW,2,3
PL1 3QX,2,3
PL1 3QZ,2,3
PL1 3RA,2,3
PL1 3RB,2,3
PL1 3RG,2,3
PL1 3RH,2,3
PL1 3RU,2,3
PL1 3RX,2,3
PL1 3RY,2,3
PL1 4PU,2,3
PL1 4QH,2,3
PL1 4QJ,2,3
PL1 4QN,2,3
PL1 4QP,2,3
PL1 4QR,2,3
PL1 4QS,2,3
PL1 4QT,2,3
PL1 4QW,2,3
PL1 4QX,2,3
PL1 4QY,2,3
PL1 4QZ,2,3
PL1 5RF,2,3
PL1 5RG,2,3
PL1 5RH,2,3
PL1 5RQ,2,3
PL2 1AB,2,3
PL2 1AD,2,3
PL2 1AE,2,3
PL2 1AT,2,3
PL2 1AU,2,3
PL2 1AX,2,3
PL2 1BH,2,2
PL2 1BJ,2,3
PL2 1BL,2,3
PL2 1BN,2,3
PL2 1BP,2,3
PL2 1BQ,2,3
PL2 1BR,2,3
PL2 1BS,2,3
PL2 1BW,2,3
PL2 1DT,2,3
PL2 1EP,2,3
PL2 1ES,2,2
PL2 1ET,2,2
PL2 1EW,2,3
PL2 1EX,2,3
PL2 1EY,2,3
PL2 1EZ,2,3
PL2 1HA,2,2
PL2 1HH,2,2
PL2 1HJ,2,3
PL2 1HL,2,3
PL2 1HN,2,3
PL2 1HP,2,3
PL2 1HU,2,3
PL2 1HZ,2,3
PL2 1JX,2,3
PL2 1JY,2,3
PL2 1PH,2,3
PL2 1PJ,2,3
PL2 1PL,2,3
PL2 1PP,2,3
PL2 1PR,2,3
PL2 1PS,2,3
PL2 1PU,2,3
PL2 1PW,2,3
PL2 1QF,2,3
PL2 1QJ,2,3
PL2 2AB,2,3
PL2 2BJ,2,2
PL2 2BL,2,2
PL2 2BN,2,2
PL2 2BQ,2,2
PL2 2EB,2,2
PL2 2ED,2,2
PL2 2EG,2,2
PL2 2EH,2,2
PL2 2EJ,2,2
PL2 2EQ,2,2
PL2 2ER,2,2
PL2 2ES,2,2
PL2 2ET,2,2
PL2 2EY,2,2
PL2 2HD,2,2
PL2 2HE,2,2
PL2 2HG,2,2
PL2 2HH,2,2
PL2 2HL,2,2
PL2 2HN,2,2
PL2 2HP,2,2
PL2 2HQ,2,2
PL2 2HR,2,2
PL2 2HS,2,2
PL2 2HT,2,2
PL2 2HW,2,2
PL2 2JP,2,2
PL2 2JW,2,2
PL2 2LD,2,2
PL2 2NJ,2,2
PL2 2NR,2,2
PL2 2NS,2,2
PL2 2NT,2,2
PL2 2NU,2,2
PL2 2NX,2,2
PL2 2PA,2,2
PL2 2PJ,2,2
PL2 2PS,2,2
PL2 2PT,2,2
PL2 2SA,2,2
PL2 2SB,2,2
PL2 2SD,2,2
PL2 2SE,2,2
PL2 2SF,2,2
PL2 3BL,2,3
PL2 3BN,2,3
PL2 3BP,2,2
PL2 3BR,2,2
PL2 3BS,2,3
PL2 3BT,2,3
PL2 3BU,2,3
PL2 3BX,2,3
PL2 3EZ,2,2
PL2 3JB,2,2
PL2 3JD,2,2
PL2 3JE,2,2
PL2 3JF,2,2
PL2 3JG,2,2
PL2 3JH,2,2
PL2 3NE,2,2
PL2 3PB,2,2
PL2 3QT,2,2
PL2 3QX,2,2
PL2 3QY,2,2
PL2 3RA,2,2
PL2 3RB,2,2
PL2 3RD,2,2
PL2 3RE,2,2
PL2 3RF,2,2
PL2 3RH,2,2
PL2 3RJ,2,2
PL2 3RL,2,2
PL2 3RN,2,2
PL2 3RP,2,2
PL2 3RQ,2,2
PL2 3RR,2,2
PL2 3RW,2,2
PL2 3SA,2,2
PL2 3SB,2,2
PL2 3SD,2,2
PL2 3SE,2,2
PL2 3TR,2,2
PL3 4AE,2,2
PL3 4AG,2,2
PL3 4AH,2,2
PL3 4AJ,2,2
PL3 4AS,2,2
PL3 4AT,2,2
PL3 4AU,2,2
PL3 4AX,2,2
PL3 4AY,2,2
PL3 4AZ,2,2
PL3 4BA,2,2
PL3 4BZ,2,2
PL3 4BG,2,2
PL3 4BJ,2,2
PL3 4BL,2,2
PL3 4DE,2,2
PL3 4DF,2,2
PL3 4DH,2,2
PL3 4DJ,2,2
PL3 4DL,2,2
PL3 4DN,2,2
PL3 4DR,2,2
PL3 4DS,2,3
PL3 4EP,2,2
PL3 4EU,2,2
PL3 4EW,2,2
PL3 4EX,2,2
PL3 4EY,2,2
PL3 4EZ,2,2
PL3 4HW,2,2
PL3 6DU,2,2
PL3 6EL,2,2
PL3 6EN,2,2
PL3 6EY,2,2
PL3 6HA,2,2
PL3 6HB,2,2
PL3 6HD,2,2
PL3 6HE,2,2
PL3 6HH,2,2
PL3 6HJ,2,2
PL3 6HN,2,2
PL3 6HZ,2,2
PL3 6JB,2,2
PL3 6JD,2,2
PL3 6JE,2,2
PL3 6JF,2,2
PL3 6RY,2,2
PL4 0AQ,2,2
PL4 0DE,2,2
PL4 0DF,2,2
PL4 0DR,2,2
PL4 0DS,2,2
PL4 0DU,2,2
PL4 0EA,2,2
PL4 0EJ,2,2
PL4 0EL,2,2
PL4 0ER,2,2
PL4 0ET,2,2
PL4 0HB,2,2
PL4 0JN,2,2
PL4 0JT,2,2
PL4 0LA,2,2
PL4 0LD,2,2
PL4 0LE,2,2
PL4 0LN,2,2
PL4 0LS,2,2
PL4 0LU,2,2
PL4 0NA,2,2
PL4 0NG,2,2
PL4 0NL,2,2
PL4 0NN,2,2
PL4 0PH,2,2
PL4 0PL,2,2
PL4 0PN,2,2
PL4 0PQ,2,2
PL4 0PR,2,2
PL4 0QG,2,2
PL4 0QL,2,2
PL4 0QP,2,2
PL4 0QQ,2,2
PL4 0QW,2,2
PL4 7NP,2,2
PL4 7NR,2,2
PL4 7NS,2,2
PL4 7QE,2,2
PL4 7QF,2,2
PL4 7QG,2,2
PL4 8BU,2,3
PL4 8DH,2,2
PL4 8DJ,2,3
PL4 8DL,2,2
PL4 8DU,2,3
PL4 8DX,2,3
PL4 8DY,2,3
PL4 8DZ,2,3
PL4 8NF,2,3
PL4 8NG,2,3
PL4 8NH,2,3
PL4 8NL,2,3
PL4 8NR,2,3
PL4 8NS,2,3
PL4 8NT,2,3
PL4 8NW,2,3
PL4 8NX,2,3
PL4 8NY,2,3
PL4 9BZ,2,2
PL4 9DN,2,2
PL4 9EH,2,2
PL4 9EJ,2,2
PL4 9EL,2,2
PL4 9EN,2,2
PL4 9EQ,2,2
PL4 9ES,2,2
PL4 9ET,2,2
PL4 9HB,2,2
PL4 9HD,2,2
PL4 9HE,2,2
PL4 9HF,2,2
PL4 9HG,2,2
PL4 9HH,2,2
PL4 9HJ,2,2
PL4 9HQ,2,2
PL4 9HU,2,2
PL4 9HX,2,2
PL4 9HY,2,2
PL4 9JB,2,2
PL4 9JS,2,2
PL4 9JT,2,2
PL4 9JW,2,2
PL4 9LE,2,2
PL4 9NA,2,2
PL4 9NB,2,2
PL4 9ND,2,2
PL4 9NG,2,2
PL4 9NQ,2,2
PL4 9PL,2,2
PL4 9PP,2,2
PL4 9PR,2,2
PL4 9PW,2,2
PL4 9PX,2,2
PL4 9PY,2,2
PL4 9PZ,2,2
PL4 9QA,2,2
PL4 9QJ,2,2
PL4 9QL,2,2
PL4 9QN,2,2
PL4 9QP,2,2
PL4 9QR,2,2
PL4 9QW,2,2
PL5 1AE,2,2
PL5 1AT,2,2
PL5 1AX,2,2
PL5 1AY,2,2
PL5 1BA,2,2
PL5 1BH,2,2
PL5 1BJ,2,2
PL5 2AA,2,2
PL5 2RS,2,2
PL5 2RY,2,2
PL5 2RZ,2,2
PL5 2SB,2,2
PL5 2SF,2,2
PL5 2SG,2,2
PL5 2SH,2,2
PL5 2SJ,2,2
PL5 2SL,2,2
PL5 2SN,2,2
PL5 2SP,2,2
PL5 2SQ,2,2
PL5 2SW,2,2
PL5 2SY,2,2
PL5 2SZ,2,2
PL5 2TB,2,2
PL5 2TD,2,2
PL5 2TE,2,2
PL5 2TF,2,2
PL5 2TG,2,2
PL5 2TP,2,2
PL5 2TQ,2,2
PL5 3EE,2,2
PL5 3EF,2,2
PL5 3EG,2,2
PL5 3EL,2,2
PL5 3EN,2,2
PL5 3EP,2,2
PL5 3EQ,2,2
PL5 3ER,2,2
PL5 3ES,2,2
PL5 3ET,2,2
PL5 3EU,2,2
PL5 3EW,2,2
PL5 3EX,2,2
PL5 3EY,2,2
PL5 3HU,2,2
PL5 3HX,2,2
PL5 3HY,2,2
PL5 3JS,2,2
PL5 3JU,2,2
PL5 3LA,2,2
PL5 3LB,2,2
PL5 3LD,2,2
PL5 3LE,2,2
PL5 3LF,2,2
PL5 3LG,2,2
PL5 3LH,2,2
PL5 3LJ,2,2
PL5 3LL,2,2
PL5 3LQ,2,2
PL6 5EX,2,2
PL6 6DS,2,2
PL6 6DT,2,2
PL6 6DU,2,2
PL6 6HN,2,2
PL6 6HW,2,2
PL6 6JS,2,2
PL6 6JT,2,2
PL6 6JU,2,2
PL6 6LB,2,2
PL6 6LD,2,2
PL6 6LE,2,2
PL6 6LF,2,2
PL6 6LR,2,2
PL6 6QA,2,2
PL6 6QB,2,2
PL6 6QD,2,2
PL6 6QE,2,2
PL6 6RR,2,2
PL6 6RS,2,2
PL6 6RT,2,2
PL6 6RU,2,2
PL6 6RX,2,2
PL6 6RY,2,2
PL6 6RZ,2,2
PL6 6SA,2,2
PL6 6SJ,2,2
PL6 6SL,2,2
PL6 6SN,2,2
PL6 6SU,2,2
PL6 6SW,2,2
PL6 6SX,2,2
PL6 6SY,2,2
PL6 6SZ,2,2
PL6 6TB,2,2
PL6 6TD,2,2
PL6 6TF,2,2
PL6 6TG,2,2
PL1 2JB,2,2
PL1 2JN,2,3
PL1 2LB,2,3
PL1 2LE,2,3
PL1 2LN,2,3
PL1 2PJ,2,3
PL1 2PX,2,3
PL1 2QG,2,3
PL1 2QJ,2,3
PL1 3BH,2,3
PL1 3RW,2,3
PL1 3RZ,2,3
PL1 4QF,2,3
PL2 1EL,2,3
PL2 1EU,2,2
PL2 1HS,2,3
PL2 1HT,2,3
PL2 1HW,2,3
PL2 2HA,2,2
PL2 2HJ,2,2
PL2 2HU,2,2
PL2 2NA,2,2
PL2 2NB,2,2
PL2 2NG,2,2
PL2 2PG,2,2
PL2 2PH,2,2
PL2 2PL,2,2
PL2 2PN,2,2
PL2 2PY,2,2
PL2 3AF,2,3
PL2 3HF,2,2
PL2 3HG,2,2
PL2 3HQ,2,2
PL2 3HY,2,2
PL2 3HZ,2,2
PL2 3JA,2,2
PL2 3JJ,2,2
PL2 3QZ,2,2
PL2 3RY,2,2
PL3 4AP,2,2
PL3 4BN,2,2
PL3 6EF,2,2
PL3 6EH,2,2
PL3 6EJ,2,2
PL3 6EQ,2,2
PL3 6EW,2,2
PL4 0NY,2,2
PL4 0PP,2,2
PL4 0PS,2,2
PL4 0PT,2,2
PL4 0QD,2,2
PL4 0QE,2,2
PL4 0QF,2,2
PL4 7PZ,2,2
PL4 7QA,2,2
PL4 7QB,2,2
PL4 9EU,2,2
PL4 9EX,2,2
PL4 9EY,2,2
PL4 9EZ,2,2
PL4 9HA,2,2
PL4 9HT,2,2
PL4 9JU,2,2
PL4 9NE,2,2
PL4 9NF,2,2
PL5 1EY,2,2
PL5 2SR,2,2
PL5 2TA,2,2
PL1 2RW,2,3
PL1 3DE,2,3
PL2 2EP,2,2
PL3 4BY,2,2
PL4 0NZ,2,2
PL4 9AJ,2,2
PL1 3BZ,2,3
PL1 2PA,2,3
PL1 2LH,2,3
PL4 9AL,2,2
PL4 9AN,2,2
PL1 3NZ,2,3
PL4 0DT,2,2
PL1 3AS,2,3
PL1 3AT,2,3
PL4 0LX,2,2
PL4 0QJ,2,2
PL4 0DH,2,2
PL1 3RJ,2,3
PL5 2DB,2,2
PL5 2DD,2,2
PL5 2DF,2,2
PL5 2DE,2,2
PL1 2AU,2,3
PL3 6PL,2,2
PL1 3RE,2,3
PL1 3TB,2,3
PL1 2NL,2,3
PL4 7JG,2,3
PL3 6HL,2,2
PL1 3TG,2,3
PL1 3BR,2,3
PL1 3RL,2,3
PL4 0DA,2,2
PL4 0DB,2,2
PL4 0EU,2,2
PL4 0EF,2,2
PL1 3PJ,2,3
PL1 2NP,2,3
PL4 8BD,2,2
PL1 3AP,2,3
PL4 0DY,2,2
PL1 2JY,2,3
PL4 0QU,2,2
PL5 2TL,2,2
PL1 3RS,2,3
PL4 0NH,2,2
PL1 2AD,2,3
PL1 2AN,2,3
PL2 2HF,2,2
PL4 0DD,2,2
PL1 2AY,2,2
PL1 2DF,2,2
PL1 2LD,2,3
PL5 3NH,2,2
PL3 4TJ,2,2
PL4 9AA,2,2
PL4 0LZ,2,2
PL1 2LG,2,3
PL1 2NE,2,3
PL1 3QA,2,3
PL1 3RQ,2,3
PL4 9AQ,2,2
PL3 6PG,2,2
PL2 3PD,2,2
PL1 2JG,2,3
PL5 3NE,2,2
PL1 2AW,2,2
PL2 1AP,2,3
PL1 3RD,2,3
PL1 2LY,2,3
PL1 2TL,2,3
PL1 3RN,2,3
PL4 8QL,2,3
PL1 2HF,2,3
PL1 2PZ,2,3
PL4 0GG,2,2
PL3 6HR,2,2
PL4 0NQ,2,2
PL4 0LH,2,2
PL4 0EP,2,2
PL1 3BU,2,3
PL2 1PN,2,3
PL2 1FA,2,3
PL1 2LS,2,3
PL2 1AN,2,3
PL1 2NT,2,3
PL1 3DU,2,3
PL1 3QH,2,3
PL4 0BL,2,2
PL1 3DT,2,3
PL1 3DR,2,3
PL1 3LB,2,3
PL1 2QL,2,3
PL4 8AR,2,2
PL4 9HS,2,2
PL4 0BX,2,2
PL4 0EZ,2,2
PL2 3BY,2,3
PL2 3DB,2,3
PL4 0RW,2,2
PL4 0PG,2,2
PL1 3HA,2,3
PL4 0LY,2,2
PL1 3PQ,2,3
PL1 2SH,2,3
PL4 0ST,2,2
PL1 3EQ,2,3
PL1 3QQ,2,3
PL1 3PA,2,3
PL4 0HX,2,2
PL1 2AZ,2,3
PL4 8AF,2,2
PL4 0PF,2,2
PL1 2PQ,2,3
PL1 2PE,2,3
PL4 0PD,2,2
PL1 2JT,2,3
PL1 3PB,2,3
PL3 4TB,2,2
PL4 9AG,2,2
PL1 3BA,2,3
PL4 0DX,2,2
PL1 3HQ,2,3
PL2 3RX,2,2
PL1 3DG,2,3
PL1 3DN,2,3
PL1 3DX,2,3
PL1 3EG,2,3
PL1 4DH,2,3
PL4 0AY,2,2
PL4 8AN,2,3
PL3 4DU,2,2
PL1 3EU,2,3
PL1 3FD,2,3
PL1 3FE,2,3
PL2 2PB,2,2
PL4 9AR,2,2
PL2 1DW,2,3
PL5 3LT,2,2
PL4 9AD,2,2
PL4 8BT,2,3
PL1 3GD,2,3
PL4 0EG,2,2
PL1 3FG,2,3
PL1 3FH,2,3
PL2 2AY,2,2
PL1 3AB,2,3
PL4 0EB,2,2
PL4 0DQ,2,2
PL4 0EN,2,2
PL4 0EW,2,2
PL1 2BD,2,3
PL1 1DZ,2,3
PL4 0EX,2,2
PL1 3FJ,2,3
PL1 3FL,2,3
PL1 3FN,2,3
PL1 3FP,2,3
PL2 1BG,2,3
PL4 0JJ,2,2
PL1 3FR,2,3
PL1 3PE,2,3
PL1 1EP,2,3
PL2 1EN,2,3
PL1 2TE,2,3
PL4 9AE,2,2
PL1 2AH,2,3
PL4 9AW,2,2
PL4 9AF,2,2
PL1 2JL,2,2
PL1 1DQ,2,3
PL1 2BE,2,3
PL1 2AX,2,3
PL4 9PJ,2,2
PL4 0FA,2,2
PL4 0LP,2,2
PL1 3FA,2,3
PL1 1QZ,2,3
PL4 8ED,2,3
PL1 3LQ,2,3
PL1 2RL,2,3
PL4 9HZ,2,2
PL1 1RJ,2,3
PL1 2DH,2,2
PL3 4FE,2,2
PL1 3NG,2,3
PL1 3NJ,2,3
PL1 1HH,2,3
PL1 2DG,2,2
PL4 0PX,2,2
PL4 0QS,2,2
PL4 0BA,2,2
PL2 2SN,2,2
PL1 5RB,2,3
PL1 3RP,2,3
PL3 4BB,2,2
PL1 1RW,2,3
PL1 2NU,2,3
PL1 2BA,2,3
PL1 3FB,2,3
PL1 3FF,2,3
PL1 3FT,2,3
PL1 3GA,2,3
PL4 0HG,2,2
PL1 3GE,2,3
PL4 0SN,2,2
PL1 3HN,2,3
PL1 2BG,2,3
PL3 4DT,2,2
PL5 3LS,2,2
PL1 1AE,2,2
PL4 0NT,2,2
PL1 2SR,2,3
PL5 2DN,2,2
PL1 1DN,2,2
PL1 2SN,2,3
PL1 1EW,2,3
PL1 2JW,2,3
PL1 1DA,2,3
PL4 8DE,2,2
PL1 3NY,2,3
PL1 2QW,2,3
PL1 2BH,2,3
PL1 1RA,2,3
PL1 1DS,2,3
PL5 3LX,2,2
PL1 3LT,2,3
PL1 3LF,2,3
PL1 2BL,2,3
PL4 0DW,2,2
PL1 2AS,2,2
PL4 0BY,2,2
PL1 2LL,2,3
PL4 0DJ,2,2
PL1 3LS,2,3
PL1 1DU,2,3
PL1 3GG,2,3
PL4 0HE,2,2
PL5 3LR,2,2
PL4 0NP,2,2
PL1 2HR,2,3
PL1 2BP,2,3
PL1 2BN,2,3
PL1 2NZ,2,3
PL4 0SJ,2,2
PL4 0LG,2,2
PL4 0JW,2,2
PL1 1EA,2,2
PL1 1RL,2,3
PL4 0RU,2,2
PL1 1NW,2,3
PL1 3RT,2,3
PL1 2BS,2,3
PL1 3GN,2,3
PL1 1PU,1,1
PL1 1PX,1,1
PL1 1PY,1,1
PL1 1SH,1,1
PL1 1SJ,1,1
PL1 1SL,1,1
PL1 1SN,1,1
PL1 1SW,1,1
PL1 1TL,1,1
PL1 1TW,1,1
PL1 3HP,1,1
PL1 3HR,1,1
PL1 3HW,1,1
PL1 3HZ,1,1
PL1 3JD,1,1
PL1 3JF,1,1
PL1 3JG,1,1
PL1 3JN,1,1
PL1 3JP,1,1
PL1 3JW,1,1
PL1 3JZ,1,1
PL1 3LU,1,1
PL1 3NB,1,1
PL1 3SH,1,1
PL1 3SP,1,1
PL1 3SR,1,1
PL1 3ST,1,1
PL1 4AD,1,2
PL1 4AH,1,1
PL1 4BE,1,1
PL1 4BJ,1,1
PL1 4BL,1,1
PL1 4BN,1,1
PL1 4BQ,1,1
PL1 4BS,1,1
PL1 4BX,1,2
PL1 4BY,1,2
PL1 4BZ,1,2
PL1 4DB,1,1
PL1 4DD,1,2
PL1 4DE,1,2
PL1 4DU,1,1
PL1 4DX,1,1
PL1 4EA,1,1
PL1 4EE,1,1
PL1 4EF,1,1
PL1 4HJ,1,1
PL1 4HL,1,1
PL1 4HN,1,1
PL1 4HQ,1,1
PL1 4HR,1,1
PL1 4HS,1,1
PL1 4HW,1,1
PL1 4HX,1,1
PL1 4JE,1,1
PL1 4JR,1,1
PL1 4JS,1,1
PL1 4JT,1,1
PL1 4JU,1,1
PL1 4JX,1,1
PL1 4JY,1,1
PL1 4LQ,1,1
PL1 4LW,1,1
PL1 4LX,1,1
PL1 4LY,1,1
PL1 4NB,1,1
PL1 4ND,1,1
PL1 4NE,1,1
PL1 4NF,1,1
PL1 4NG,1,1
PL1 4NL,1,1
PL1 4NN,1,1
PL1 4NQ,1,1
PL1 4NR,1,1
PL1 4NS,1,1
PL1 4NT,1,1
PL1 4PE,1,1
PL1 4PZ,1,1
PL1 4RD,1,2
PL1 4RE,1,2
PL1 4RF,1,2
PL1 4RG,1,2
PL1 4SS,1,2
PL1 4ST,1,2
PL1 5AA,1,1
PL1 5AB,1,1
PL1 5AD,1,1
PL1 5AE,1,1
PL1 5AF,1,1
PL1 5AG,1,1
PL1 5AJ,1,1
PL1 5AQ,1,1
PL1 5AS,1,1
PL1 5AT,1,1
PL1 5AU,1,1
PL1 5AY,1,1
PL1 5AZ,1,1
PL1 5BA,1,1
PL1 5BB,1,1
PL1 5BD,1,1
PL1 5BE,1,1
PL1 5BN,1,1
PL1 5BP,1,1
PL1 5BR,1,1
PL1 5BS,1,1
PL1 5BT,1,1
PL1 5BU,1,1
PL1 5BX,1,1
PL1 5DP,1,1
PL1 5DR,1,1
PL1 5DS,1,1
PL1 5DT,1,1
PL1 5DU,1,1
PL1 5DW,1,1
PL1 5DY,1,1
PL1 5DZ,1,1
PL1 5EB,1,1
PL1 5ED,1,1
PL1 5EE,1,1
PL1 5EF,1,1
PL1 5EG,1,1
PL1 5EH,1,1
PL1 5EJ,1,1
PL1 5EN,1,1
PL1 5EQ,1,1
PL1 5ET,1,1
PL1 5HA,1,1
PL1 5HB,1,1
PL1 5HD,1,1
PL1 5HG,1,1
PL1 5HH,1,1
PL1 5HL,1,1
PL1 5HN,1,1
PL1 5HP,1,1
PL1 5HQ,1,1
PL1 5HR,1,1
PL1 5HT,1,1
PL1 5HW,1,1
PL1 5JF,1,1
PL1 5JG,1,1
PL1 5JJ,1,1
PL1 5JL,1,1
PL1 5JN,1,1
PL1 5JP,1,1
PL1 5JR,1,1
PL1 5JS,1,1
PL1 5JT,1,1
PL1 5JU,1,1
PL1 5JZ,1,1
PL1 5LB,1,1
PL2 1AF,1,2
PL2 1AG,1,2
PL2 1AH,1,2
PL2 1AQ,1,2
PL2 1AW,1,1
PL2 1AZ,1,2
PL2 1BA,1,2
PL2 1BB,1,2
PL2 1BD,1,2
PL2 1BE,1,1
PL2 1BT,1,2
PL2 1BU,1,2
PL2 1BX,1,2
PL2 1BY,1,2
PL2 1BZ,1,2
PL2 1DA,1,2
PL2 1DB,1,2
PL2 1DD,1,2
PL2 1DE,1,1
PL2 1DF,1,2
PL2 1DG,1,2
PL2 1DN,1,2
PL2 1DP,1,2
PL2 1DR,1,2
PL2 1DU,1,2
PL2 1DX,1,2
PL2 1DY,1,2
PL2 1DZ,1,2
PL2 1EA,1,1
PL2 1EB,1,2
PL2 1ED,1,2
PL2 1EE,1,2
PL2 1EF,1,2
PL2 1EG,1,2
PL2 1EH,1,2
PL2 1EJ,1,2
PL2 1EQ,1,2
PL2 1JQ,1,2
PL2 1LF,1,1
PL2 1LG,1,1
PL2 1LQ,1,1
PL2 1QX,1,1
PL2 1QZ,1,1
PL2 1RA,1,1
PL2 1RB,1,1
PL2 1RD,1,1
PL2 1RG,1,1
PL2 1RH,1,1
PL2 1RJ,1,1
PL2 1RL,1,1
PL2 1RN,1,1
PL2 1RP,1,2
PL2 1RQ,1,1
PL2 1RR,1,2
PL2 1RS,1,1
PL2 1RT,1,1
PL2 1RU,1,1
PL2 1RW,1,2
PL2 1RX,1,1
PL2 1SA,1,1
PL2 1SB,1,1
PL2 1SD,1,1
PL2 1SF,1,1
PL2 1SQ,1,1
PL2 2AA,1,1
PL2 2AD,1,1
PL2 2AU,1,1
PL2 2AZ,1,1
PL2 2BW,1,1
PL2 2DD,1,1
PL2 2DE,1,1
PL2 2DL,1,1
PL2 2DN,1,1
PL2 2DU,1,1
PL2 2DX,1,1
PL2 2EE,1,1
PL2 2EF,1,1
PL2 2EU,1,1
PL2 2EX,1,1
PL2 2JA,1,1
PL2 2JQ,1,1
PL2 2LA,1,1
PL2 2LB,1,1
PL2 2LE,1,1
PL2 2LF,1,1
PL2 2LG,1,1
PL2 2LL,1,1
PL2 2LN,1,1
PL2 2LR,1,1
PL2 2LW,1,1
PL2 2NL,1,1
PL2 2NQ,1,1
PL2 2PU,1,1
PL2 2PX,1,1
PL2 2QA,1,1
PL2 2QB,1,1
PL2 2QD,1,1
PL2 2QF,1,1
PL2 2QG,1,1
PL2 2QH,1,1
PL2 2QJ,1,1
PL2 2QQ,1,1
PL2 2QX,1,1
PL2 2RN,1,1
PL2 2RS,1,1
PL3 6BR,1,1
PL3 6BS,1,1
PL3 6DB,1,1
PL3 6DD,1,1
PL3 6EG,1,1
PL3 6ER,1,1
PL3 6ES,1,1
PL3 6EX,1,1
PL3 6EZ,1,1
PL3 6JG,1,1
PL3 6JH,1,1
PL3 6JJ,1,1
PL3 6JL,1,1
PL3 6JN,1,1
PL3 6JP,1,1
PL3 6JR,1,1
PL3 6JX,1,1
PL3 6JY,1,1
PL3 6JZ,1,1
PL3 6LF,1,1
PL3 6LG,1,1
PL3 6LP,1,1
PL3 6LT,1,1
PL3 6LU,1,1
PL3 6LW,1,1
PL3 6LX,1,1
PL3 6LY,1,1
PL3 6NF,1,1
PL3 6NN,1,1
PL3 6NQ,1,1
PL3 6PH,1,1
PL4 9JD,1,1
PL4 9JF,1,1
PL4 9JG,1,1
PL4 9JH,1,1
PL4 9JQ,1,1
PL4 9JX,1,1
PL4 9JY,1,1
PL4 9JZ,1,1
PL4 9LA,1,1
PL4 9LB,1,1
PL4 9LD,1,1
PL4 9LF,1,1
PL4 9LG,1,1
PL4 9LH,1,1
PL4 9LJ,1,1
PL4 9NH,1,1
PL4 9NJ,1,1
PL4 9NL,1,1
PL4 9NN,1,1
PL4 9NU,1,1
PL4 9NY,1,1
PL4 9NZ,1,1
PL4 9PA,1,1
PL4 9PD,1,1
PL4 9PS,1,1
PL4 9PT,1,1
PL4 9PU,1,1
PL4 9QB,1,1
PL4 9QD,1,1
PL4 9QE,1,1
PL4 9QF,1,1
PL4 9QG,1,1
PL4 9QH,1,1
PL4 9QQ,1,1
PL5 1BP,1,1
PL5 1BR,1,1
PL5 1BS,1,1
PL5 1BT,1,1
PL5 1BU,1,1
PL5 1BW,1,1
PL5 1BX,1,1
PL5 1BY,1,1
PL5 1BZ,1,1
PL5 1DA,1,1
PL5 1DF,1,1
PL5 1DG,1,1
PL5 1DH,1,1
PL5 1DJ,1,1
PL5 1DL,1,1
PL5 1DN,1,1
PL5 1DP,1,1
PL5 1DS,1,1
PL5 1DT,1,1
PL5 1DU,1,1
PL5 1DW,1,1
PL5 1DZ,1,1
PL5 1EB,1,1
PL5 1ED,1,2
PL5 1EE,1,2
PL5 1EN,1,1
PL5 1EQ,1,1
PL5 1ES,1,1
PL5 1EX,1,1
PL5 1HA,1,2
PL5 1HB,1,2
PL5 1HD,1,2
PL5 1HE,1,2
PL5 1HF,1,1
PL5 1HG,1,1
PL5 1HH,1,1
PL5 1HQ,1,1
PL5 1JJ,1,2
PL5 1JL,1,2
PL5 1JQ,1,1
PL5 1LY,1,2
PL5 1NA,1,2
PL5 1NB,1,2
PL5 1PX,1,1
PL5 1PY,1,1
PL5 1PZ,1,1
PL5 1QA,1,1
PL5 1QB,1,1
PL5 1QD,1,1
PL5 1QE,1,1
PL5 1QF,1,1
PL5 1QG,1,1
PL5 1QH,1,2
PL5 1QJ,1,2
PL5 1QL,1,2
PL5 1RA,1,1
PL5 1RG,1,2
PL5 1RH,1,2
PL5 1RJ,1,2
PL5 1RN,1,2
PL5 1RW,1,2
PL5 1TE,1,2
PL5 1TF,1,2
PL5 1TG,1,2
PL5 1TH,1,2
PL5 1TJ,1,2
PL5 1TL,1,2
PL5 1TN,1,2
PL5 1TP,1,2
PL5 1TQ,1,2
PL5 1TR,1,1
PL5 1TS,1,1
PL5 1TT,1,1
PL5 1TU,1,2
PL5 1TW,1,1
PL5 1TY,1,2
PL5 1TZ,1,2
PL5 1UA,1,2
PL5 1UU,1,2
PL5 2BD,1,1
PL5 2BE,1,1
PL5 2BG,1,1
PL5 2BY,1,1
PL5 2BZ,1,1
PL5 2EQ,1,1
PL5 2ET,1,1
PL5 2EX,1,1
PL5 2HQ,1,2
PL5 2HX,1,2
PL5 2JR,1,2
PL5 2JS,1,2
PL5 2JT,1,2
PL5 2JU,1,2
PL5 2JX,1,2
PL5 2LL,1,1
PL5 2LX,1,2
PL5 2LY,1,2
PL5 2NB,1,2
PL5 2ND,1,2
PL5 2NE,1,2
PL5 2PP,1,1
PL5 2PW,1,1
PL5 2QH,1,1
PL5 2QJ,1,1
PL5 2QQ,1,1
PL5 2RD,1,1
PL5 2RE,1,1
PL5 2RF,1,1
PL5 2RG,1,1
PL5 2RH,1,1
PL5 2RJ,1,1
PL5 2RL,1,1
PL5 2RP,1,1
PL5 2RQ,1,1
PL5 2RR,1,1
PL5 2RT,1,1
PL5 2RU,1,1
PL5 2RW,1,1
PL5 2RX,1,1
PL5 2SE,1,1
PL5 2ST,1,1
PL5 2SU,1,1
PL5 3BS,1,2
PL5 3BT,1,2
PL5 3BU,1,2
PL5 3DZ,1,2
PL5 3EA,1,2
PL5 3EB,1,2
PL5 3ED,1,2
PL5 3JA,1,2
PL5 3JE,1,2
PL5 3JF,1,2
PL5 3NN,1,1
PL5 3PN,1,2
PL5 3PP,1,2
PL5 3PS,1,2
PL5 3PT,1,2
PL5 3PU,1,2
PL5 3PW,1,2
PL5 3PY,1,1
PL5 3PZ,1,2
PL5 3QH,1,1
PL5 3QJ,1,1
PL5 3QL,1,1
PL5 3QN,1,1
PL5 3QT,1,1
PL5 3QU,1,1
PL5 3QX,1,1
PL5 3QY,1,1
PL5 3RH,1,1
PL5 3RN,1,1
PL5 3RP,1,1
PL5 3RQ,1,1
PL5 3RR,1,1
PL5 3RS,1,1
PL5 3RT,1,1
PL5 3RW,1,1
PL5 3SG,1,1
PL5 3SS,1,2
PL5 3ST,1,2
PL5 3SU,1,2
PL5 3SZ,1,2
PL5 3TA,1,2
PL5 3TB,1,2
PL5 3TE,1,2
PL5 3TF,1,2
PL5 3TG,1,2
PL5 3TJ,1,2
PL5 3TL,1,2
PL5 3TQ,1,2
PL5 4AA,1,2
PL5 4AD,1,2
PL5 4AE,1,2
PL5 4AF,1,2
PL5 4AP,1,2
PL5 4AR,1,2
PL5 4AS,1,2
PL5 4AT,1,2
PL5 4AU,1,2
PL5 4AW,1,2
PL5 4AX,1,2
PL5 4AY,1,2
PL5 4AZ,1,2
PL5 4BA,1,2
PL5 4BB,1,2
PL5 4BD,1,2
PL5 4BE,1,2
PL5 4BG,1,2
PL5 4BH,1,2
PL5 4BJ,1,2
PL5 4BL,1,2
PL5 4BN,1,2
PL5 4BP,1,2
PL5 4BQ,1,2
PL5 4BS,1,2
PL5 4BT,1,2
PL5 4BU,1,2
PL5 4BW,1,2
PL5 4DA,1,1
PL5 4DB,1,1
PL5 4DD,1,1
PL5 4DE,1,2
PL5 4DF,1,2
PL5 4DG,1,2
PL5 4DH,1,2
PL5 4DJ,1,2
PL5 4DL,1,2
PL5 4DN,1,2
PL5 4DP,1,2
PL5 4DR,1,2
PL5 4DS,1,2
PL5 4DT,1,2
PL5 4DW,1,2
PL5 4DX,1,2
PL5 4DY,1,1
PL5 4DZ,1,1
PL5 4EA,1,1
PL5 4EB,1,1
PL5 4ED,1,2
PL5 4EE,1,2
PL5 4EF,1,2
PL5 4EJ,1,2
PL5 4EL,1,2
PL5 4EN,1,1
PL5 4EP,1,2
PL5 4ER,1,2
PL5 4ES,1,2
PL5 4ET,1,2
PL5 4EU,1,1
PL5 4EW,1,1
PL5 4EX,1,1
PL5 4EY,1,2
PL5 4EZ,1,1
PL5 4HA,1,2
PL5 4HB,1,2
PL5 4HD,1,1
PL5 4HE,1,1
PL5 4HF,1,2
PL5 4HG,1,1
PL5 4HH,1,2
PL5 4HJ,1,2
PL5 4HL,1,2
PL5 4HN,1,2
PL5 4HR,1,1
PL5 4HS,1,1
PL5 4HT,1,1
PL5 4HU,1,1
PL5 4HW,1,2
PL5 4HX,1,1
PL5 4HZ,1,2
PL5 4JA,1,2
PL5 4JB,1,2
PL5 4JD,1,2
PL5 4JE,1,2
PL5 4JF,1,2
PL5 4JG,1,2
PL5 4JH,1,2
PL5 4JL,1,2
PL5 4JP,1,2
PL5 4JQ,1,2
PL5 4JT,1,2
PL1 1PZ,1,1
PL1 3HD,1,1
PL1 3HE,1,1
PL1 3HY,1,1
PL1 3JA,1,1
PL1 3JR,1,1
PL1 3JT,1,1
PL1 3JU,1,1
PL1 4AE,1,2
PL1 4DA,1,2
PL1 4LG,1,1
PL1 4LL,1,1
PL1 4LN,1,1
PL1 4NZ,1,1
PL1 4QA,1,1
PL1 4QB,1,1
PL1 5BY,1,1
PL1 5DE,1,1
PL1 5DF,1,1
PL1 5DG,1,1
PL1 5DH,1,1
PL1 5DJ,1,1
PL1 5DQ,1,1
PL1 5DX,1,1
PL1 5EA,1,1
PL1 5EP,1,1
PL1 5ER,1,1
PL1 5HE,1,1
PL1 5HF,1,1
PL1 5HY,1,1
PL1 5HZ,1,1
PL1 5JA,1,1
PL1 5JB,1,1
PL1 5JD,1,1
PL1 5JW,1,1
PL1 5JX,1,1
PL2 1JH,1,2
PL2 1JS,1,1
PL2 1LH,1,1
PL2 1LL,1,1
PL2 1RZ,1,1
PL2 1SG,1,1
PL2 2AE,1,1
PL2 2AF,1,1
PL2 2AG,1,1
PL2 2AJ,1,1
PL2 2AP,1,1
PL2 2AQ,1,1
PL2 2AR,1,1
PL2 2AS,1,1
PL2 2AT,1,1
PL2 2AW,1,1
PL2 2EA,1,1
PL2 2LZ,1,1
PL2 2ND,1,1
PL2 2PE,1,1
PL2 2PF,1,1
PL3 6DF,1,1
PL3 6HS,1,1
PL3 6LA,1,1
PL3 6LB,1,1
PL3 6LD,1,1
PL3 6LE,1,1
PL3 6LL,1,1
PL3 6LN,1,1
PL3 6LZ,1,1
PL4 9LL,1,1
PL4 9LN,1,1
PL4 9LW,1,1
PL4 9NS,1,1
PL4 9NT,1,1
PL4 9NW,1,1
PL4 9NX,1,1
PL4 9PB,1,1
PL5 1DD,1,1
PL5 1DE,1,1
PL5 1DQ,1,1
PL5 1DR,1,1
PL5 1EF,1,1
PL5 1EH,1,1
PL5 1EJ,1,1
PL5 1EL,1,1
PL5 1EW,1,1
PL5 1JH,1,1
PL5 1PR,1,1
PL5 1PS,1,1
PL5 1PT,1,1
PL5 1QQ,1,1
PL5 2EY,1,1
PL5 2LB,1,1
PL5 2LP,1,1
PL5 2LT,1,2
PL5 2LU,1,1
PL5 2LW,1,1
PL5 2LZ,1,1
PL5 2NA,1,2
PL5 2RN,1,1
PL5 2SS,1,1
PL5 3DE,1,2
PL5 3DF,1,2
PL5 3JG,1,2
PL5 3JH,1,2
PL5 3JQ,1,2
PL5 3SX,1,2
PL5 4AB,1,2
PL5 4HQ,1,1
PL1 3JJ,1,1
PL1 3SN,1,1
PL1 4BU,1,2
PL1 4DP,1,1
PL4 9NR,1,1
PL5 1SD,1,1
PL6 5ES,1,2
PL6 5ET,1,2
PL6 5EU,1,2
PL1 5DL,1,1
PL1 4LF,1,1
PL1 4RX,1,1
PL1 3SS,1,1
PL2 2DY,1,1
PL1 5LA,1,1
PL5 1ER,1,1
PL1 4BR,1,1
PL3 6JT,1,1
PL1 4EP,1,1
PL1 5RY,1,1
PL3 6DY,1,1
PL3 6DZ,1,1
PL3 6EA,1,1
PL5 3TR,1,2
PL5 3TS,1,2
PL5 3TU,1,2
PL5 3TX,1,2
PL5 3TY,1,2
PL5 3TZ,1,2
PL3 6RB,1,1
PL3 6RE,1,1
PL5 3TP,1,2
PL5 3TT,1,2
PL3 6NR,1,1
PL3 6RA,1,1
PL3 6RD,1,1
PL5 4AH,1,2
PL1 3SZ,1,1
PL1 3SX,1,1
PL1 4HT,1,1
PL1 5JH,1,1
PL5 1QZ,1,1
PL1 1TF,1,1
PL1 5HX,1,1
PL5 3PL,1,1
PL1 1TN,1,1
PL1 1UA,1,1
PL1 4HH,1,1
PL5 3QB,1,1
PL5 1LZ,1,2
PL5 1ND,1,2
PL2 2JR,1,1
PL1 4HG,1,1
PL1 1TP,1,1
PL5 1EG,1,1
PL5 1EP,1,1
PL5 1EU,1,1
PL5 1EZ,1,1
PL5 3SR,1,1
PL1 4SB,1,1
PL5 2LD,1,1
PL1 5EU,1,1
PL1 5JQ,1,1
PL2 2AX,1,1
PL5 1JE,1,1
PL1 4HU,1,1
PL1 3JX,1,1
PL1 4LE,1,1
PL1 3JS,1,1
PL1 5JE,1,1
PL1 4BH,1,1
PL2 1AL,1,2
PL5 2BX,1,1
PL1 4RN,1,1
PL1 4AN,1,2
PL1 5DN,1,1
PL1 4QE,1,1
PL1 4HF,1,1
PL5 1QP,1,1
PL2 1DH,1,1
PL2 1RF,1,1
PL1 3NN,1,1
PL1 3NL,1,1
PL1 5HU,1,1
PL1 3JB,1,1
PL1 4AW,1,2
PL1 4PD,1,1
PL1 3NE,1,1
PL1 4AB,1,2
PL1 3EZ,1,1
PL1 5DD,1,1
PL1 5AH,1,1
PL1 5BG,1,1
PL1 1PW,1,1
PL1 3SB,1,1
PL1 3SD,1,1
PL1 3SW,1,1
PL1 4DW,1,1
PL1 1PR,1,1
PL1 5ES,1,1
PL1 3TP,1,1
PL5 2JP,1,2
PL1 4PH,1,1
PL1 1UH,1,1
PL1 4QL,1,2
PL1 5AR,1,1
PL1 4NP,1,1
PL1 4NU,1,1
PL1 4NX,1,1
PL1 4NY,1,1
PL5 1AR,1,1
PL2 1DJ,1,2
PL2 1DL,1,2
PL1 4AZ,1,1
PL3 6FG,1,1
PL1 4FD,1,1
PL1 4FE,1,1
PL1 4FH,1,1
PL1 4TA,1,1
PL1 1TQ,1,1
PL1 3JY,1,1
PL1 4FF,1,1
PL1 4FG,1,1
PL1 4AU,1,2
PL1 4GJ,1,1
PL1 4DQ,1,1
PL1 4FJ,1,2
PL1 4FL,1,2
PL1 4FN,1,2
PL1 4FP,1,2
PL1 3QJ,1,1
PL1 3SJ,1,1
PL4 9AS,1,1
PL1 4FR,1,1
PL1 4FT,1,1
PL1 4FX,1,1
PL1 4FW,1,1
PL1 4PL,1,1
PL1 3EY,1,1
PL1 4FS,1,1
PL1 4FB,1,2
PL1 4GA,1,1
PL1 4GD,1,1
PL1 4JZ,1,1
PL1 1QA,1,1
PL1 5BW,1,1
PL1 4FY,1,1
PL1 4FZ,1,1
PL1 4GF,1,1
PL1 1PG,1,1
PL5 4AJ,1,2
PL5 2TJ,1,1
PL4 9QT,1,1
PL1 4GE,1,1
PL1 1PH,1,1
PL1 4SN,1,2
PL1 4GG,1,1
PL1 4GH,1,1
PL1 4GP,1,1
PL1 4ED,1,1
PL1 4GN,1,1
PL1 4EJ,1,1
PL1 4GQ,1,1
PL1 4GR,1,1
PL1 4GS,1,1
PL1 4GT,1,1
PL1 4GU,1,1
PL1 3FW,1,1
PL1 4GW,1,1
PL1 1HX,1,1
PL5 1FD,1,1
PL5 1FE,1,1
PL5 1FH,1,1
PL5 1FG,1,1
PL5 1FJ,1,1
PL1 3FX,1,1
PL2 1SE,1,1
PL6 5FG,1,2
PL6 5FJ,1,2
PL5 3FA,1,2
PL1 3FY,1,1
PL1 3FZ,1,1
PL1 5EY,1,1
PL4 0SF,1,1
PL1 4GB,1,1
PL1 4FQ,1,1
PL1 4GX,1,1
PL1 4GY,1,1
PL1 4GZ,1,1
PL1 1HZ,1,1
PL5 1GZ,1,1
PL2 2LT,1,1
PL2 2LU,1,1
PL1 1RX,1,1
PL2 2QE,1,1
PL2 2LX,1,1
PL2 1JL,1,2
PL3 6NW,1,1
PL3 6PN,1,1
PL3 6GZ,1,1
PL1 4FA,1,1
PL1 4PS,1,1
PL1 1SP,1,1
PL1 4FU,1,1
PL1 4RB,1,1
PL2 2LP,1,1
PL2 2LY,1,1
PL1 4SH,1,1
PL1 4SJ,1,1
PL1 4DZ,1,1
PL1 4LH,1,1
PL1 1LB,1,1
PL4 0SE,1,1
PL1 4QU,1,1
PL2 2QN,1,1
PL2 2JU,1,1
PL2 2QW,1,1
PL2 2RZ,1,1
PL2 2LH,1,1
PL2 2SG,1,1
PL2 2JZ,1,1
PL2 2JL,1,1
PL1 4SX,1,1
PL1 4SW,1,1
PL2 2PD,1,1
PL2 2DZ,1,1
PL1 3FS,1,1
PL1 4BP,1,1
PL4 9AY,1,1
PL5 1QN,1,1
PL1 4RW,1,1
PL1 5FA,1,1
PL1 3GB,1,1
PL5 1RQ,1,2
PL1 3GF,1,1
PL1 4RZ,1,1
PL1 4SP,1,1
PL1 4SY,1,1
PL1 4SZ,1,1
PL1 4TE,1,1
PL1 4TB,1,1
PL1 4TD,1,1
PL4 7BW,1,1
PL1 1JA,1,1
PL1 5FB,1,1
PL2 2FL,1,1
PL1 1SD,1,1
PL1 1NX,1,1
PL1 1NS,1,1
PL1 1QD,1,1
PL1 1RR,1,1
PL1 1RQ,1,1
PL1 3LA,1,1
PL1 4PR,1,1
PL1 4TF,1,1
PL5 2DP,1,2
PL1 1NF,1,1
PL1 1NJ,1,1
PL1 1LD,1,1
PL1 4HZ,1,1
PL1 3NH,1,1
PL1 1PB,1,1
PL1 3EX,1,1
PL2 1FB,1,1
PL2 2JD,1,1
PL1 4AF,1,1
PL2 1FD,1,2
PL2 2JH,1,1
PL2 2JJ,1,1
PL2 2JE,1,1
PL5 4AL,1,1
PL1 1QJ,1,1
PL1 1ET,1,1
PL1 1PE,1,1
PL1 1LE,1,1
PL1 1RZ,1,1
PL1 1LR,1,1
PL1 4NJ,1,1
PL1 1LP,1,1
PL1 3GH,1,1
PL3 6BP,1,1
